index,ecg
0,-0.06
1,-0.065
2,-0.06
3,-0.075
4,-0.065
5,-0.07
6,-0.07
7,-0.09
8,-0.08
9,-0.095
10,-0.08
11,-0.095
12,-0.08
13,-0.095
14,-0.085
15,-0.09
16,-0.09
17,-0.1
18,-0.085
19,-0.105
20,-0.09
21,-0.045
22,0.005
23,0.015
24,0.045
25,0.155
26,0.14
27,0.045
28,0.005
29,-0.04
30,-0.085
31,-0.2
32,-0.195
33,-0.2
34,-0.2
35,-0.24
36,-0.13
37,0.34
38,1.155
39,1.47
40,-0.155
41,-0.825
42,-0.59
43,-0.35
44,-0.155
45,-0.17
46,-0.14
47,-0.155
48,-0.115
49,-0.125
50,-0.09
51,-0.095
52,-0.065
53,-0.055
54,-0.015
55,-0.005
56,0.035
57,0.045
58,0.09
59,0.11
60,0.15
61,0.18
62,0.205
63,0.225
64,0.23
65,0.22
66,0.235
67,0.23
68,0.2
69,0.17
70,0.12
71,0.075
72,0.04
73,0.02
74,0.005
75,-0.005
76,-0.005
77,-0.01
78,-0.015
79,-0.01
80,0.0
81,-0.005
82,-0.02
83,-0.02
84,-0.015
85,-0.025
86,-0.035
87,-0.045
88,-0.045
89,-0.06
90,-0.065
91,-0.07
92,-0.055
93,-0.06
94,-0.08
95,-0.075
96,-0.09
97,-0.065
98,-0.075
99,-0.08
100,-0.08
101,-0.085
102,-0.09
103,-0.075
104,-0.085
105,-0.095
106,-0.105
107,-0.09
108,-0.095
109,-0.07
110,-0.045
111,0.005
112,0.03
113,0.07
114,0.195
115,0.145
116,0.05
117,-0.015
118,-0.025
119,-0.115
120,-0.18
121,-0.19
122,-0.185
123,-0.185
124,-0.215
125,0.01
126,0.575
127,1.185
128,0.96
129,-0.16
130,-0.74
131,-0.64
132,-0.35
133,-0.175
134,-0.145
135,-0.15
136,-0.145
137,-0.105
138,-0.12
139,-0.09
140,-0.085
141,-0.07
142,-0.04
143,-0.02
144,0.005
145,0.02
146,0.045
147,0.08
148,0.115
149,0.14
150,0.165
151,0.21
152,0.19
153,0.22
154,0.21
155,0.215
156,0.215
157,0.16
158,0.135
159,0.1
160,0.05
161,0.035
162,-0.005
163,0.005
164,-0.005
165,-0.015
166,-0.02
167,-0.01
168,0.0
169,-0.02
170,-0.005
171,-0.04
172,-0.035
173,-0.05
174,-0.04
175,-0.055
176,-0.075
177,-0.05
178,-0.075
179,-0.09
180,-0.08
181,-0.09
182,-0.08
183,-0.075
184,-0.085
185,-0.085
186,-0.095
187,-0.095
188,-0.105
189,-0.08
190,-0.115
191,-0.1
192,-0.095
193,-0.1
194,-0.075
195,-0.005
196,0.01
197,0.055
198,0.185
199,0.145
200,0.075
201,-0.005
202,-0.025
203,-0.11
204,-0.175
205,-0.18
206,-0.22
207,-0.175
208,-0.24
209,-0.03
210,0.53
211,1.21
212,1.22
213,-0.105
214,-0.795
215,-0.69
216,-0.375
217,-0.165
218,-0.155
219,-0.135
220,-0.15
221,-0.12
222,-0.12
223,-0.09
224,-0.095
225,-0.05
226,-0.05
227,-0.01
228,-0.005
229,0.03
230,0.08
231,0.075
232,0.145
233,0.155
234,0.2
235,0.2
236,0.24
237,0.235
238,0.245
239,0.245
240,0.215
241,0.18
242,0.15
243,0.09
244,0.035
245,0.025
246,0.0
247,-0.015
248,-0.03
249,0.0
250,-0.02
251,-0.005
252,-0.025
253,-0.03
254,-0.015
255,-0.01
256,-0.035
257,-0.04
258,-0.05
259,-0.045
260,-0.04
261,-0.075
262,-0.065
263,-0.095
264,-0.085
265,-0.085
266,-0.09
267,-0.1
268,-0.1
269,-0.08
270,-0.105
271,-0.105
272,-0.1
273,-0.105
274,-0.095
275,-0.1
276,-0.09
277,-0.035
278,0.01
279,0.035
280,0.07
281,0.19
282,0.125
283,0.045
284,-0.035
285,-0.06
286,-0.155
287,-0.21
288,-0.225
289,-0.2
290,-0.215
291,-0.265
292,0.07
293,0.865
294,1.495
295,0.625
296,-0.44
297,-0.815
298,-0.6
299,-0.31
300,-0.175
301,-0.18
302,-0.165
303,-0.135
304,-0.135
305,-0.115
306,-0.105
307,-0.085
308,-0.06
309,-0.03
310,-0.02
311,0.015
312,0.05
313,0.07
314,0.105
315,0.165
316,0.2
317,0.205
318,0.235
319,0.235
320,0.265
321,0.26
322,0.235
323,0.215
324,0.17
325,0.125
326,0.09
327,0.025
328,-0.015
329,-0.03
330,-0.035
331,-0.04
332,-0.04
333,-0.035
334,-0.04
335,-0.02
336,-0.04
337,-0.04
338,-0.03
339,-0.045
340,-0.065
341,-0.06
342,-0.06
343,-0.09
344,-0.08
345,-0.095
346,-0.085
347,-0.105
348,-0.09
349,-0.1
350,-0.105
351,-0.115
352,-0.1
353,-0.115
354,-0.11
355,-0.135
356,-0.095
357,-0.125
358,-0.105
359,-0.085
360,-0.015
361,0.02
362,0.03
363,0.135
364,0.16
365,0.105
366,0.03
367,-0.05
368,-0.05
369,-0.17
370,-0.205
371,-0.215
372,-0.175
373,-0.21
374,-0.215
375,0.175
376,1.09
377,1.7
378,0.335
379,-0.615
380,-0.705
381,-0.46
382,-0.175
383,-0.165
384,-0.145
385,-0.155
386,-0.115
387,-0.12
388,-0.105
389,-0.105
390,-0.085
391,-0.06
392,-0.015
393,-0.005
394,0.02
395,0.05
396,0.08
397,0.105
398,0.18
399,0.205
400,0.24
401,0.235
402,0.27
403,0.27
404,0.28
405,0.26
406,0.23
407,0.175
408,0.135
409,0.09
410,0.045
411,0.0
412,-0.005
413,-0.025
414,-0.025
415,-0.025
416,-0.02
417,0.0
418,-0.005
419,-0.005
420,-0.005
421,-0.005
422,-0.01
423,-0.025
424,-0.02
425,-0.04
426,-0.04
427,-0.04
428,-0.05
429,-0.06
430,-0.05
431,-0.065
432,-0.06
433,-0.07
434,-0.06
435,-0.09
436,-0.08
437,-0.095
438,-0.085
439,-0.1
440,-0.09
441,-0.095
442,-0.085
443,-0.1
444,-0.075
445,-0.095
446,-0.08
447,-0.075
448,0.0
449,0.03
450,0.035
451,0.135
452,0.145
453,0.07
454,0.015
455,-0.045
456,-0.055
457,-0.185
458,-0.19
459,-0.22
460,-0.18
461,-0.21
462,-0.185
463,0.22
464,1.15
465,1.72
466,0.155
467,-0.7
468,-0.66
469,-0.405
470,-0.15
471,-0.16
472,-0.135
473,-0.145
474,-0.12
475,-0.125
476,-0.09
477,-0.09
478,-0.055
479,-0.04
480,-0.015
481,0.0
482,0.03
483,0.05
484,0.095
485,0.11
486,0.165
487,0.19
488,0.23
489,0.245
490,0.255
491,0.255
492,0.265
493,0.255
494,0.23
495,0.185
496,0.145
497,0.1
498,0.06
499,0.025
500,0.025
501,0.01
502,0.01
503,0.01
504,0.015
505,0.01
506,0.025
507,0.02
508,0.02
509,0.02
510,0.015
511,0.0
512,0.0
513,-0.01
514,-0.015
515,-0.02
516,-0.03
517,-0.035
518,-0.035
519,-0.045
520,-0.04
521,-0.045
522,-0.045
523,-0.055
524,-0.045
525,-0.055
526,-0.045
527,-0.06
528,-0.05
529,-0.06
530,-0.055
531,-0.08
532,-0.065
533,-0.09
534,-0.075
535,-0.09
536,-0.07
537,-0.075
538,-0.065
539,-0.08
540,-0.065
541,-0.03
542,0.025
543,0.04
544,0.065
545,0.18
546,0.145
547,0.055
548,0.015
549,-0.035
550,-0.06
551,-0.175
552,-0.17
553,-0.195
554,-0.175
555,-0.22
556,-0.115
557,0.355
558,1.24
559,1.595
560,-0.115
561,-0.815
562,-0.565
563,-0.3
564,-0.13
565,-0.16
566,-0.13
567,-0.135
568,-0.11
569,-0.12
570,-0.09
571,-0.085
572,-0.055
573,-0.04
574,-0.005
575,0.0
576,0.04
577,0.05
578,0.095
579,0.125
580,0.17
581,0.19
582,0.22
583,0.23
584,0.245
585,0.25
586,0.26
587,0.24
588,0.22
589,0.175
590,0.135
591,0.085
592,0.055
593,0.02
594,0.015
595,0.01
596,0.01
597,0.0
598,0.0
599,0.0
600,0.01
601,0.005
602,0.02
603,0.01
604,0.0
605,-0.01
606,-0.015
607,-0.02
608,-0.02
609,-0.025
610,-0.035
611,-0.03
612,-0.045
613,-0.05
614,-0.05
615,-0.055
616,-0.065
617,-0.065
618,-0.06
619,-0.065
620,-0.07
621,-0.06
622,-0.06
623,-0.055
624,-0.06
625,-0.065
626,-0.08
627,-0.065
628,-0.08
629,-0.065
630,-0.075
631,-0.07
632,-0.085
633,-0.07
634,-0.085
635,-0.075
636,-0.085
637,-0.06
638,-0.045
639,0.02
640,0.04
641,0.055
642,0.18
643,0.155
644,0.06
645,0.02
646,-0.025
647,-0.055
648,-0.18
649,-0.16
650,-0.17
651,-0.165
652,-0.195
653,-0.1
654,0.35
655,1.115
656,1.495
657,-0.04
658,-0.73
659,-0.62
660,-0.365
661,-0.13
662,-0.15
663,-0.135
664,-0.15
665,-0.12
666,-0.13
667,-0.105
668,-0.09
669,-0.055
670,-0.06
671,-0.035
672,-0.015
673,0.02
674,0.045
675,0.065
676,0.095
677,0.145
678,0.18
679,0.215
680,0.2
681,0.225
682,0.235
683,0.245
684,0.235
685,0.225
686,0.175
687,0.13
688,0.09
689,0.05
690,0.035
691,0.015
692,0.005
693,0.0
694,-0.005
695,0.0
696,0.0
697,0.0
698,0.0
699,-0.005
700,-0.005
701,-0.02
702,-0.02
703,-0.04
704,-0.05
705,-0.06
706,-0.06
707,-0.06
708,-0.07
709,-0.065
710,-0.075
711,-0.07
712,-0.065
713,-0.075
714,-0.075
715,-0.075
716,-0.09
717,-0.075
718,-0.085
719,-0.08
720,-0.09
721,-0.075
722,-0.09
723,-0.08
724,-0.09
725,-0.08
726,-0.1
727,-0.085
728,-0.1
729,-0.075
730,-0.085
731,-0.09
732,-0.075
733,-0.015
734,0.025
735,0.055
736,0.155
737,0.16
738,0.095
739,0.015
740,-0.035
741,-0.05
742,-0.175
743,-0.17
744,-0.19
745,-0.175
746,-0.2
747,-0.105
748,0.335
749,1.095
750,1.47
751,0.065
752,-0.66
753,-0.69
754,-0.44
755,-0.185
756,-0.16
757,-0.135
758,-0.135
759,-0.115
760,-0.115
761,-0.11
762,-0.095
763,-0.055
764,-0.05
765,-0.015
766,-0.005
767,0.045
768,0.05
769,0.095
770,0.12
771,0.165
772,0.185
773,0.21
774,0.225
775,0.245
776,0.24
777,0.24
778,0.235
779,0.21
780,0.165
781,0.125
782,0.07
783,0.045
784,0.01
785,0.02
786,0.005
787,0.0
788,0.0
789,0.0
790,0.0
791,0.0
792,-0.005
793,-0.01
794,-0.005
795,-0.025
796,-0.005
797,-0.04
798,-0.04
799,-0.045
800,-0.045
801,-0.04
802,-0.055
803,-0.065
804,-0.05
805,-0.065
806,-0.065
807,-0.065
808,-0.065
809,-0.07
810,-0.065
811,-0.07
812,-0.065
813,-0.07
814,-0.07
815,-0.085
816,-0.06
817,-0.09
818,-0.065
819,-0.085
820,-0.08
821,-0.085
822,-0.05
823,-0.09
824,-0.075
825,-0.055
826,0.005
827,0.055
828,0.06
829,0.16
830,0.155
831,0.08
832,0.015
833,-0.02
834,-0.045
835,-0.17
836,-0.17
837,-0.175
838,-0.16
839,-0.2
840,-0.105
841,0.36
842,1.16
843,1.55
844,0.07
845,-0.69
846,-0.66
847,-0.41
848,-0.155
849,-0.155
850,-0.135
851,-0.135
852,-0.105
853,-0.11
854,-0.085
855,-0.09
856,-0.065
857,-0.045
858,-0.005
859,0.0
860,0.04
861,0.065
862,0.1
863,0.12
864,0.175
865,0.19
866,0.23
867,0.255
868,0.27
869,0.265
870,0.275
871,0.245
872,0.215
873,0.175
874,0.14
875,0.095
876,0.04
877,0.025
878,0.015
879,0.0
880,0.0
881,0.0
882,0.0
883,0.0
884,0.0
885,0.0
886,0.0
887,-0.005
888,-0.01
889,-0.01
890,-0.015
891,-0.03
892,-0.035
893,-0.045
894,-0.045
895,-0.05
896,-0.045
897,-0.065
898,-0.07
899,-0.075
900,-0.07
901,-0.09
902,-0.085
903,-0.09
904,-0.07
905,-0.085
906,-0.085
907,-0.095
908,-0.085
909,-0.09
910,-0.085
911,-0.09
912,-0.09
913,-0.1
914,-0.09
915,-0.105
916,-0.09
917,-0.1
918,-0.085
919,-0.055
920,0.0
921,0.035
922,0.05
923,0.17
924,0.135
925,0.06
926,0.01
927,-0.035
928,-0.075
929,-0.19
930,-0.185
931,-0.205
932,-0.18
933,-0.225
934,-0.11
935,0.38
936,1.215
937,1.545
938,-0.025
939,-0.765
940,-0.62
941,-0.37
942,-0.155
943,-0.17
944,-0.145
945,-0.16
946,-0.13
947,-0.145
948,-0.125
949,-0.12
950,-0.08
951,-0.065
952,-0.035
953,-0.02
954,0.01
955,0.035
956,0.08
957,0.105
958,0.155
959,0.18
960,0.22
961,0.225
962,0.24
963,0.235
964,0.245
965,0.225
966,0.2
967,0.155
968,0.115
969,0.075
970,0.05
971,0.02
972,0.0
973,-0.01
974,-0.015
975,-0.01
976,-0.01
977,-0.005
978,0.0
979,0.0
980,0.0
981,0.0
982,0.0
983,-0.005
984,-0.01
985,-0.02
986,-0.025
987,-0.035
988,-0.045
989,-0.055
990,-0.055
991,-0.06
992,-0.06
993,-0.06
994,-0.055
995,-0.055
996,-0.055
997,-0.065
998,-0.06
999,-0.055
1000,-0.045
1001,-0.055
1002,-0.055
1003,-0.055
1004,-0.055
1005,-0.075
1006,-0.065
1007,-0.08
1008,-0.065
1009,-0.08
1010,-0.075
1011,-0.09
1012,-0.085
1013,-0.105
1014,-0.09
1015,-0.11
1016,-0.095
1017,-0.11
1018,-0.1
1019,-0.085
1020,-0.025
1021,0.01
1022,0.01
1023,0.1
1024,0.135
1025,0.075
1026,0.0
1027,-0.05
1028,-0.045
1029,-0.175
1030,-0.195
1031,-0.205
1032,-0.19
1033,-0.205
1034,-0.22
1035,0.145
1036,1.025
1037,1.605
1038,0.24
1039,-0.625
1040,-0.665
1041,-0.425
1042,-0.18
1043,-0.185
1044,-0.175
1045,-0.175
1046,-0.15
1047,-0.15
1048,-0.12
1049,-0.12
1050,-0.09
1051,-0.08
1052,-0.045
1053,-0.025
1054,0.0
1055,0.02
1056,0.06
1057,0.08
1058,0.13
1059,0.16
1060,0.185
1061,0.195
1062,0.21
1063,0.21
1064,0.22
1065,0.215
1066,0.195
1067,0.17
1068,0.135
1069,0.085
1070,0.045
1071,0.015
1072,-0.005
1073,-0.015
1074,-0.015
1075,-0.015
1076,-0.005
1077,-0.005
1078,0.0
1079,0.0
1080,0.015
1081,0.01
1082,0.0
1083,0.0
1084,0.0
1085,-0.01
1086,-0.015
1087,-0.025
1088,-0.03
1089,-0.025
1090,-0.04
1091,-0.045
1092,-0.04
1093,-0.05
1094,-0.055
1095,-0.045
1096,-0.03
1097,-0.045
1098,-0.05
1099,-0.04
1100,-0.045
1101,-0.055
1102,-0.055
1103,-0.065
1104,-0.065
1105,-0.065
1106,-0.07
1107,-0.08
1108,-0.065
1109,-0.075
1110,-0.075
1111,-0.08
1112,-0.07
1113,-0.08
1114,-0.08
1115,-0.085
1116,-0.065
1117,-0.08
1118,-0.08
1119,-0.09
1120,-0.09
1121,-0.075
1122,-0.025
1123,0.035
1124,0.045
1125,0.115
1126,0.165
1127,0.125
1128,0.04
1129,-0.015
1130,-0.005
1131,-0.135
1132,-0.17
1133,-0.185
1134,-0.165
1135,-0.18
1136,-0.2
1137,0.135
1138,0.89
1139,1.44
1140,0.425
1141,-0.47
1142,-0.67
1143,-0.455
1144,-0.2
1145,-0.155
1146,-0.13
1147,-0.14
1148,-0.125
1149,-0.13
1150,-0.105
1151,-0.11
1152,-0.08
1153,-0.06
1154,-0.045
1155,-0.03
1156,0.005
1157,0.015
1158,0.045
1159,0.085
1160,0.11
1161,0.14
1162,0.18
1163,0.205
1164,0.215
1165,0.215
1166,0.235
1167,0.225
1168,0.225
1169,0.19
1170,0.16
1171,0.125
1172,0.07
1173,0.035
1174,0.015
1175,0.01
1176,0.005
1177,0.005
1178,0.0
1179,0.005
1180,0.01
1181,0.005
1182,0.005
1183,0.01
1184,0.0
1185,0.005
1186,0.0
1187,-0.01
1188,-0.015
1189,-0.02
1190,-0.015
1191,-0.025
1192,-0.03
1193,-0.03
1194,-0.04
1195,-0.035
1196,-0.035
1197,-0.04
1198,-0.045
1199,-0.045
1200,-0.05
1201,-0.045
1202,-0.055
1203,-0.055
1204,-0.06
1205,-0.06
1206,-0.065
1207,-0.055
1208,-0.065
1209,-0.065
1210,-0.065
1211,-0.06
1212,-0.06
1213,-0.06
1214,-0.07
1215,-0.06
1216,-0.08
1217,-0.075
1218,-0.075
1219,-0.075
1220,-0.08
1221,-0.07
1222,-0.065
1223,-0.01
1224,0.03
1225,0.05
1226,0.1
1227,0.2
1228,0.145
1229,0.055
1230,-0.005
1231,0.0
1232,-0.12
1233,-0.16
1234,-0.17
1235,-0.16
1236,-0.175
1237,-0.21
1238,0.125
1239,0.835
1240,1.35
1241,0.53
1242,-0.335
1243,-0.675
1244,-0.54
1245,-0.25
1246,-0.145
1247,-0.145
1248,-0.135
1249,-0.115
1250,-0.115
1251,-0.09
1252,-0.09
1253,-0.075
1254,-0.06
1255,-0.025
1256,0.0
1257,0.03
1258,0.04
1259,0.08
1260,0.095
1261,0.13
1262,0.16
1263,0.205
1264,0.21
1265,0.22
1266,0.225
1267,0.25
1268,0.25
1269,0.23
1270,0.195
1271,0.17
1272,0.115
1273,0.075
1274,0.05
1275,0.035
1276,0.005
1277,0.015
1278,0.03
1279,0.025
1280,0.02
1281,0.02
1282,0.03
1283,0.02
1284,0.035
1285,0.015
1286,0.005
1287,0.005
1288,-0.005
1289,-0.005
1290,-0.02
1291,-0.01
1292,-0.015
1293,-0.035
1294,-0.03
1295,-0.025
1296,-0.025
1297,-0.025
1298,-0.04
1299,-0.04
1300,-0.035
1301,-0.03
1302,-0.03
1303,-0.04
1304,-0.03
1305,-0.04
1306,-0.03
1307,-0.035
1308,-0.035
1309,-0.045
1310,-0.045
1311,-0.065
1312,-0.055
1313,-0.06
1314,-0.06
1315,-0.075
1316,-0.05
1317,-0.06
1318,-0.06
1319,-0.065
1320,-0.07
1321,-0.04
1322,0.01
1323,0.055
1324,0.075
1325,0.18
1326,0.185
1327,0.1
1328,0.025
1329,-0.025
1330,-0.055
1331,-0.175
1332,-0.165
1333,-0.18
1334,-0.17
1335,-0.22
1336,-0.1
1337,0.365
1338,1.095
1339,1.45
1340,0.065
1341,-0.665
1342,-0.67
1343,-0.435
1344,-0.185
1345,-0.17
1346,-0.15
1347,-0.155
1348,-0.13
1349,-0.12
1350,-0.095
1351,-0.105
1352,-0.07
1353,-0.055
1354,-0.025
1355,-0.005
1356,0.035
1357,0.04
1358,0.085
1359,0.12
1360,0.165
1361,0.19
1362,0.22
1363,0.235
1364,0.25
1365,0.255
1366,0.26
1367,0.245
1368,0.215
1369,0.18
1370,0.14
1371,0.095
1372,0.06
1373,0.03
1374,0.015
1375,0.01
1376,0.01
1377,0.01
1378,0.0
1379,0.005
1380,0.01
1381,0.015
1382,0.0
1383,0.005
1384,0.0
1385,0.0
1386,-0.02
1387,-0.025
1388,-0.015
1389,-0.015
1390,-0.015
1391,-0.03
1392,-0.04
1393,-0.035
1394,-0.045
1395,-0.04
1396,-0.04
1397,-0.045
1398,-0.05
1399,-0.04
1400,-0.05
1401,-0.05
1402,-0.05
1403,-0.055
1404,-0.06
1405,-0.05
1406,-0.065
1407,-0.055
1408,-0.075
1409,-0.055
1410,-0.075
1411,-0.055
1412,-0.075
1413,-0.065
1414,-0.07
1415,-0.075
1416,-0.1
1417,-0.07
1418,-0.045
1419,0.01
1420,0.05
1421,0.065
1422,0.17
1423,0.155
1424,0.085
1425,0.035
1426,-0.02
1427,-0.03
1428,-0.16
1429,-0.165
1430,-0.19
1431,-0.165
1432,-0.205
1433,-0.12
1434,0.31
1435,1.15
1436,1.59
1437,0.07
1438,-0.685
1439,-0.615
1440,-0.385
1441,-0.16
1442,-0.175
1443,-0.14
1444,-0.15
1445,-0.135
1446,-0.14
1447,-0.12
1448,-0.115
1449,-0.085
1450,-0.08
1451,-0.045
1452,-0.03
1453,0.005
1454,0.02
1455,0.055
1456,0.085
1457,0.145
1458,0.175
1459,0.205
1460,0.215
1461,0.235
1462,0.24
1463,0.245
1464,0.235
1465,0.215
1466,0.18
1467,0.145
1468,0.095
1469,0.055
1470,0.015
1471,0.01
1472,-0.015
1473,-0.01
1474,-0.01
1475,-0.01
1476,-0.015
1477,-0.005
1478,0.0
1479,0.0
1480,-0.005
1481,-0.015
1482,-0.015
1483,-0.02
1484,-0.025
1485,-0.04
1486,-0.055
1487,-0.05
1488,-0.055
1489,-0.05
1490,-0.07
1491,-0.07
1492,-0.07
1493,-0.08
1494,-0.07
1495,-0.075
1496,-0.075
1497,-0.08
1498,-0.075
1499,-0.085
1500,-0.075
1501,-0.075
1502,-0.075
1503,-0.08
1504,-0.085
1505,-0.09
1506,-0.075
1507,-0.08
1508,-0.075
1509,-0.1
1510,-0.095
1511,-0.08
1512,-0.085
1513,-0.075
1514,-0.025
1515,0.03
1516,0.02
1517,0.085
1518,0.15
1519,0.105
1520,0.025
1521,-0.04
1522,-0.035
1523,-0.15
1524,-0.2
1525,-0.21
1526,-0.195
1527,-0.195
1528,-0.225
1529,0.095
1530,0.835
1531,1.39
1532,0.585
1533,-0.35
1534,-0.685
1535,-0.505
1536,-0.235
1537,-0.16
1538,-0.15
1539,-0.15
1540,-0.135
1541,-0.14
1542,-0.12
1543,-0.1
1544,-0.075
1545,-0.06
1546,-0.035
1547,-0.015
1548,0.01
1549,0.035
1550,0.07
1551,0.1
1552,0.14
1553,0.17
1554,0.21
1555,0.23
1556,0.25
1557,0.26
1558,0.26
1559,0.26
1560,0.235
1561,0.2
1562,0.155
1563,0.115
1564,0.07
1565,0.035
1566,0.01
1567,0.01
1568,0.0
1569,0.0
1570,-0.005
1571,0.0
1572,0.0
1573,0.0
1574,0.0
1575,0.0
1576,0.0
1577,0.0
1578,-0.01
1579,-0.01
1580,-0.015
1581,-0.025
1582,-0.03
1583,-0.04
1584,-0.045
1585,-0.055
1586,-0.055
1587,-0.06
1588,-0.06
1589,-0.065
1590,-0.065
1591,-0.065
1592,-0.06
1593,-0.065
1594,-0.065
1595,-0.08
1596,-0.075
1597,-0.08
1598,-0.07
1599,-0.085
1600,-0.07
1601,-0.085
1602,-0.07
1603,-0.085
1604,-0.07
1605,-0.09
1606,-0.08
1607,-0.09
1608,-0.075
1609,-0.095
1610,-0.08
1611,-0.055
1612,0.005
1613,0.04
1614,0.04
1615,0.15
1616,0.14
1617,0.065
1618,0.005
1619,-0.045
1620,-0.055
1621,-0.19
1622,-0.19
1623,-0.21
1624,-0.18
1625,-0.205
1626,-0.16
1627,0.255
1628,1.15
1629,1.64
1630,0.005
1631,-0.72
1632,-0.59
1633,-0.365
1634,-0.155
1635,-0.18
1636,-0.145
1637,-0.155
1638,-0.125
1639,-0.13
1640,-0.095
1641,-0.095
1642,-0.06
1643,-0.055
1644,-0.015
1645,-0.005
1646,0.025
1647,0.045
1648,0.085
1649,0.115
1650,0.165
1651,0.205
1652,0.245
1653,0.25
1654,0.26
1655,0.255
1656,0.25
1657,0.25
1658,0.23
1659,0.185
1660,0.145
1661,0.105
1662,0.06
1663,0.025
1664,0.005
1665,0.0
1666,-0.01
1667,0.0
1668,0.0
1669,0.0
1670,0.0
1671,0.0
1672,0.0
1673,0.005
1674,0.0
1675,-0.005
1676,-0.005
1677,-0.01
1678,-0.015
1679,-0.02
1680,-0.025
1681,-0.035
1682,-0.045
1683,-0.035
1684,-0.05
1685,-0.05
1686,-0.055
1687,-0.055
1688,-0.06
1689,-0.055
1690,-0.06
1691,-0.065
1692,-0.065
1693,-0.06
1694,-0.06
1695,-0.05
1696,-0.07
1697,-0.06
1698,-0.065
1699,-0.055
1700,-0.07
1701,-0.06
1702,-0.08
1703,-0.065
1704,-0.08
1705,-0.08
1706,-0.085
1707,-0.075
1708,-0.085
1709,-0.075
1710,-0.09
1711,-0.08
1712,-0.045
1713,0.0
1714,0.04
1715,0.07
1716,0.18
1717,0.145
1718,0.05
1719,0.0
1720,-0.035
1721,-0.085
1722,-0.185
1723,-0.185
1724,-0.19
1725,-0.17
1726,-0.225
1727,-0.025
1728,0.5
1729,1.13
1730,1.185
1731,-0.07
1732,-0.7
1733,-0.62
1734,-0.355
1735,-0.15
1736,-0.16
1737,-0.14
1738,-0.145
1739,-0.12
1740,-0.115
1741,-0.095
1742,-0.085
1743,-0.075
1744,-0.065
1745,-0.03
1746,-0.015
1747,0.01
1748,0.03
1749,0.08
1750,0.1
1751,0.14
1752,0.17
1753,0.215
1754,0.23
1755,0.245
1756,0.245
1757,0.26
1758,0.24
1759,0.225
1760,0.18
1761,0.16
1762,0.115
1763,0.065
1764,0.045
1765,0.045
1766,0.015
1767,0.0
1768,0.005
1769,0.005
1770,0.01
1771,0.0
1772,0.0
1773,-0.005
1774,-0.005
1775,-0.01
1776,-0.02
1777,-0.03
1778,-0.03
1779,-0.025
1780,-0.04
1781,-0.03
1782,-0.06
1783,-0.05
1784,-0.045
1785,-0.045
1786,-0.055
1787,-0.06
1788,-0.055
1789,-0.065
1790,-0.065
1791,-0.06
1792,-0.055
1793,-0.06
1794,-0.07
1795,-0.055
1796,-0.075
1797,-0.06
1798,-0.075
1799,-0.075
1800,-0.08
1801,-0.08
1802,-0.09
1803,-0.08
1804,-0.09
1805,-0.07
1806,-0.07
1807,-0.02
1808,0.025
1809,0.045
1810,0.1
1811,0.185
1812,0.13
1813,0.04
1814,-0.03
1815,-0.02
1816,-0.13
1817,-0.155
1818,-0.17
1819,-0.165
1820,-0.18
1821,-0.2
1822,0.145
1823,0.845
1824,1.35
1825,0.575
1826,-0.295
1827,-0.665
1828,-0.545
1829,-0.275
1830,-0.16
1831,-0.15
1832,-0.145
1833,-0.135
1834,-0.14
1835,-0.125
1836,-0.105
1837,-0.085
1838,-0.07
1839,-0.055
1840,-0.04
1841,0.0
1842,0.02
1843,0.065
1844,0.065
1845,0.105
1846,0.14
1847,0.19
1848,0.195
1849,0.225
1850,0.22
1851,0.22
1852,0.23
1853,0.215
1854,0.175
1855,0.135
1856,0.09
1857,0.05
1858,0.025
1859,0.01
1860,-0.005
1861,-0.015
1862,-0.01
1863,0.0
1864,0.0
1865,0.0
1866,0.0
1867,0.0
1868,0.0
1869,-0.005
1870,0.0
1871,-0.025
1872,-0.025
1873,-0.025
1874,-0.025
1875,-0.03
1876,-0.05
1877,-0.035
1878,-0.05
1879,-0.045
1880,-0.055
1881,-0.05
1882,-0.055
1883,-0.055
1884,-0.08
1885,-0.05
1886,-0.065
1887,-0.05
1888,-0.08
1889,-0.075
1890,-0.075
1891,-0.075
1892,-0.085
1893,-0.06
1894,-0.08
1895,-0.085
1896,-0.075
1897,-0.02
1898,0.02
1899,0.045
1900,0.125
1901,0.165
1902,0.115
1903,0.02
1904,-0.045
1905,-0.04
1906,-0.165
1907,-0.185
1908,-0.21
1909,-0.18
1910,-0.205
1911,-0.21
1912,0.16
1913,0.95
1914,1.475
1915,0.375
1916,-0.45
1917,-0.7
1918,-0.525
1919,-0.25
1920,-0.17
1921,-0.165
1922,-0.165
1923,-0.135
1924,-0.135
1925,-0.11
1926,-0.115
1927,-0.085
1928,-0.08
1929,-0.045
1930,-0.035
1931,0.01
1932,0.02
1933,0.04
1934,0.09
1935,0.13
1936,0.17
1937,0.205
1938,0.21
1939,0.25
1940,0.235
1941,0.25
1942,0.225
1943,0.225
1944,0.17
1945,0.125
1946,0.1
1947,0.035
1948,0.01
1949,-0.015
1950,-0.02
1951,-0.035
1952,-0.025
1953,-0.03
1954,-0.03
1955,-0.03
1956,-0.035
1957,-0.045
1958,-0.04
1959,-0.035
1960,-0.04
1961,-0.055
1962,-0.05
1963,-0.04
1964,-0.07
1965,-0.06
1966,-0.065
1967,-0.06
1968,-0.095
1969,-0.095
1970,-0.1
1971,-0.065
1972,-0.095
1973,-0.115
1974,-0.09
1975,-0.085
1976,-0.12
1977,-0.08
1978,-0.125
1979,-0.115
1980,-0.105
1981,-0.085
1982,-0.065
1983,0.01
1984,0.04
1985,0.06
1986,0.195
1987,0.155
1988,0.075
1989,0.0
1990,-0.035
1991,-0.09
1992,-0.185
1993,-0.18
1994,-0.19
1995,-0.17
1996,-0.235
1997,-0.08
1998,0.445
1999,1.18
2000,1.415
2001,0.04
2002,-0.71
2003,-0.675
2004,-0.41
2005,-0.165
2006,-0.175
2007,-0.14
2008,-0.13
2009,-0.11
2010,-0.12
2011,-0.1
2012,-0.085
2013,-0.055
2014,-0.045
2015,-0.015
2016,-0.005
2017,0.025
2018,0.055
2019,0.1
2020,0.13
2021,0.175
2022,0.185
2023,0.235
2024,0.25
2025,0.265
2026,0.265
2027,0.27
2028,0.255
2029,0.215
2030,0.17
2031,0.11
2032,0.06
2033,0.04
2034,0.0
2035,-0.01
2036,-0.025
2037,-0.02
2038,-0.03
2039,-0.04
2040,-0.04
2041,-0.03
2042,-0.02
2043,-0.03
2044,-0.035
2045,-0.035
2046,-0.04
2047,-0.055
2048,-0.045
2049,-0.065
2050,-0.065
2051,-0.075
2052,-0.07
2053,-0.08
2054,-0.08
2055,-0.09
2056,-0.08
2057,-0.09
2058,-0.095
2059,-0.1
2060,-0.095
2061,-0.1
2062,-0.1
2063,-0.11
2064,-0.105
2065,-0.11
2066,-0.105
2067,-0.09
2068,-0.025
2069,0.03
2070,0.015
2071,0.095
2072,0.13
2073,0.085
2074,0.005
2075,-0.05
2076,-0.06
2077,-0.175
2078,-0.21
2079,-0.21
2080,-0.205
2081,-0.21
2082,-0.245
2083,0.065
2084,0.89
2085,1.575
2086,0.785
2087,-0.38
2088,-0.715
2089,-0.475
2090,-0.225
2091,-0.18
2092,-0.175
2093,-0.165
2094,-0.155
2095,-0.145
2096,-0.125
2097,-0.115
2098,-0.09
2099,-0.075
2100,-0.045
2101,-0.02
2102,0.0
2103,0.035
2104,0.07
2105,0.11
2106,0.15
2107,0.19
2108,0.23
2109,0.26
2110,0.27
2111,0.275
2112,0.28
2113,0.27
2114,0.24
2115,0.195
2116,0.145
2117,0.095
2118,0.055
2119,0.025
2120,0.0
2121,-0.005
2122,-0.01
2123,-0.01
2124,-0.005
2125,-0.005
2126,-0.005
2127,0.0
2128,0.0
2129,0.0
2130,0.0
2131,-0.01
2132,-0.015
2133,-0.02
2134,-0.025
2135,-0.035
2136,-0.04
2137,-0.05
2138,-0.055
2139,-0.06
2140,-0.065
2141,-0.065
2142,-0.065
2143,-0.065
2144,-0.075
2145,-0.065
2146,-0.075
2147,-0.075
2148,-0.075
2149,-0.075
2150,-0.08
2151,-0.075
2152,-0.085
2153,-0.07
2154,-0.08
2155,-0.07
2156,-0.08
2157,-0.08
2158,-0.09
2159,-0.08
2160,-0.09
2161,-0.08
2162,-0.095
2163,-0.085
2164,-0.06
2165,-0.01
2166,0.035
2167,0.03
2168,0.125
2169,0.14
2170,0.09
2171,0.015
2172,-0.03
2173,-0.035
2174,-0.16
2175,-0.185
2176,-0.185
2177,-0.15
2178,-0.185
2179,-0.195
2180,0.15
2181,1.065
2182,1.715
2183,0.38
2184,-0.62
2185,-0.63
2186,-0.39
2187,-0.16
2188,-0.165
2189,-0.15
2190,-0.16
2191,-0.135
2192,-0.135
2193,-0.13
2194,-0.11
2195,-0.085
2196,-0.07
2197,-0.035
2198,-0.025
2199,0.0
2200,0.03
2201,0.085
2202,0.095
2203,0.15
2204,0.175
2205,0.225
2206,0.24
2207,0.255
2208,0.275
2209,0.275
2210,0.265
2211,0.26
2212,0.21
2213,0.175
2214,0.11
2215,0.07
2216,0.04
2217,0.025
2218,0.0
2219,-0.01
2220,-0.005
2221,-0.005
2222,-0.02
2223,-0.01
2224,-0.02
2225,-0.005
2226,0.0
2227,-0.03
2228,-0.02
2229,-0.025
2230,-0.015
2231,-0.04
2232,-0.035
2233,-0.045
2234,-0.055
2235,-0.045
2236,-0.06
2237,-0.06
2238,-0.055
2239,-0.07
2240,-0.06
2241,-0.07
2242,-0.06
2243,-0.085
2244,-0.08
2245,-0.07
2246,-0.065
2247,-0.08
2248,-0.085
2249,-0.08
2250,-0.105
2251,-0.09
2252,-0.08
2253,-0.085
2254,-0.1
2255,-0.09
2256,-0.1
2257,-0.08
2258,-0.02
2259,0.005
2260,0.03
2261,0.09
2262,0.17
2263,0.125
2264,0.04
2265,-0.035
2266,-0.025
2267,-0.155
2268,-0.195
2269,-0.2
2270,-0.185
2271,-0.195
2272,-0.205
2273,0.115
2274,0.78
2275,1.265
2276,0.595
2277,-0.285
2278,-0.72
2279,-0.615
2280,-0.33
2281,-0.18
2282,-0.165
2283,-0.15
2284,-0.14
2285,-0.14
2286,-0.125
2287,-0.115
2288,-0.085
2289,-0.055
2290,-0.035
2291,-0.025
2292,0.005
2293,0.01
2294,0.06
2295,0.08
2296,0.1
2297,0.145
2298,0.17
2299,0.21
2300,0.23
2301,0.23
2302,0.25
2303,0.235
2304,0.22
2305,0.195
2306,0.165
2307,0.125
2308,0.07
2309,0.04
2310,0.025
2311,0.005
2312,-0.005
2313,-0.01
2314,0.0
2315,0.005
2316,0.0
2317,0.0
2318,-0.005
2319,-0.01
2320,-0.01
2321,-0.03
2322,-0.03
2323,-0.02
2324,-0.02
2325,-0.05
2326,-0.05
2327,-0.065
2328,-0.055
2329,-0.065
2330,-0.065
2331,-0.07
2332,-0.07
2333,-0.08
2334,-0.085
2335,-0.085
2336,-0.08
2337,-0.075
2338,-0.065
2339,-0.09
2340,-0.105
2341,-0.07
2342,-0.105
2343,-0.075
2344,-0.095
2345,-0.07
2346,-0.095
2347,-0.085
2348,-0.09
2349,-0.07
2350,-0.07
2351,-0.005
2352,0.02
2353,0.045
2354,0.135
2355,0.2
2356,0.115
2357,0.03
2358,-0.03
2359,-0.035
2360,-0.17
2361,-0.175
2362,-0.175
2363,-0.17
2364,-0.205
2365,-0.165
2366,0.265
2367,1.075
2368,1.57
2369,0.21
2370,-0.57
2371,-0.71
2372,-0.51
2373,-0.24
2374,-0.17
2375,-0.155
2376,-0.145
2377,-0.135
2378,-0.125
2379,-0.105
2380,-0.11
2381,-0.055
2382,-0.075
2383,-0.015
2384,-0.03
2385,0.025
2386,0.03
2387,0.06
2388,0.1
2389,0.155
2390,0.17
2391,0.225
2392,0.24
2393,0.275
2394,0.255
2395,0.25
2396,0.25
2397,0.22
2398,0.185
2399,0.14
2400,0.08
2401,0.06
2402,0.01
2403,0.0
2404,-0.01
2405,-0.035
2406,-0.015
2407,-0.02
2408,-0.02
2409,-0.015
2410,-0.005
2411,0.0
2412,-0.03
2413,-0.015
2414,-0.03
2415,-0.04
2416,-0.035
2417,-0.05
2418,-0.055
2419,-0.06
2420,-0.075
2421,-0.08
2422,-0.09
2423,-0.07
2424,-0.075
2425,-0.08
2426,-0.095
2427,-0.085
2428,-0.1
2429,-0.09
2430,-0.1
2431,-0.1
2432,-0.12
2433,-0.135
2434,-0.1
2435,-0.015
2436,0.01
2437,0.035
2438,0.12
2439,0.17
2440,0.085
2441,-0.005
2442,-0.06
2443,-0.055
2444,-0.195
2445,-0.215
2446,-0.22
2447,-0.2
2448,-0.25
2449,-0.145
2450,0.31
2451,1.2
2452,1.645
2453,0.055
2454,-0.75
2455,-0.795
2456,-0.505
2457,-0.24
2458,-0.21
2459,-0.14
2460,-0.17
2461,-0.14
2462,-0.165
2463,-0.12
2464,-0.115
2465,-0.075
2466,-0.075
2467,-0.05
2468,0.0
2469,-0.02
2470,0.045
2471,0.065
2472,0.115
2473,0.165
2474,0.19
2475,0.245
2476,0.255
2477,0.25
2478,0.26
2479,0.285
2480,0.265
2481,0.185
2482,0.17
2483,0.095
2484,0.055
2485,0.03
2486,-0.05
2487,-0.025
2488,-0.06
2489,-0.045
2490,-0.06
2491,-0.07
2492,-0.065
2493,-0.05
2494,-0.05
2495,-0.055
2496,-0.04
2497,-0.045
2498,-0.05
2499,-0.05
2500,-0.07
2501,-0.095
2502,-0.075
2503,-0.08
2504,-0.095
2505,-0.085
2506,-0.1
2507,-0.095
2508,-0.125
2509,-0.1
2510,-0.1
2511,-0.09
2512,-0.055
2513,0.015
2514,0.02
2515,0.06
2516,0.16
2517,0.14
2518,0.035
2519,-0.025
2520,-0.035
2521,-0.125
2522,-0.215
2523,-0.21
2524,-0.19
2525,-0.205
2526,-0.265
2527,-0.005
2528,0.745
2529,1.48
2530,1.13
2531,-0.275
2532,-0.855
2533,-0.65
2534,-0.355
2535,-0.175
2536,-0.175
2537,-0.155
2538,-0.15
2539,-0.15
2540,-0.135
2541,-0.12
2542,-0.075
2543,-0.085
2544,-0.055
2545,-0.02
2546,0.0
2547,0.01
2548,0.065
2549,0.095
2550,0.12
2551,0.21
2552,0.23
2553,0.265
2554,0.285
2555,0.29
2556,0.3
2557,0.275
2558,0.24
2559,0.18
2560,0.14
2561,0.07
2562,0.005
2563,-0.01
2564,-0.03
2565,-0.065
2566,-0.07
2567,-0.07
2568,-0.075
2569,-0.08
2570,-0.06
2571,-0.06
2572,-0.06
2573,-0.055
2574,-0.055
2575,-0.055
2576,-0.06
2577,-0.07
2578,-0.08
2579,-0.08
2580,-0.08
2581,-0.11
2582,-0.1
2583,-0.11
2584,-0.095
2585,-0.11
2586,-0.125
2587,-0.135
2588,-0.085
2589,-0.06
2590,0.005
2591,0.015
2592,0.045
2593,0.145
2594,0.135
2595,0.03
2596,-0.03
2597,-0.065
2598,-0.12
2599,-0.225
2600,-0.22
2601,-0.225
2602,-0.215
2603,-0.255
2604,-0.05
2605,0.615
2606,1.465
2607,1.475
2608,-0.185
2609,-0.885
2610,-0.615
2611,-0.335
2612,-0.17
2613,-0.175
2614,-0.16
2615,-0.15
2616,-0.14
2617,-0.155
2618,-0.13
2619,-0.115
2620,-0.06
2621,-0.07
2622,-0.04
2623,-0.025
2624,0.02
2625,0.04
2626,0.09
2627,0.12
2628,0.18
2629,0.225
2630,0.255
2631,0.285
2632,0.3
2633,0.3
2634,0.29
2635,0.235
2636,0.2
2637,0.14
2638,0.09
2639,0.035
2640,0.005
2641,-0.025
2642,-0.04
2643,-0.05
2644,-0.04
2645,-0.045
2646,-0.045
2647,-0.04
2648,-0.04
2649,-0.045
2650,-0.045
2651,-0.05
2652,-0.04
2653,-0.065
2654,-0.055
2655,-0.065
2656,-0.07
2657,-0.08
2658,-0.08
2659,-0.095
2660,-0.075
2661,-0.09
2662,-0.105
2663,-0.115
2664,-0.105
2665,-0.125
2666,-0.1
2667,-0.115
2668,-0.105
2669,-0.07
2670,-0.005
2671,0.03
2672,0.035
2673,0.125
2674,0.145
2675,0.08
2676,0.025
2677,-0.05
2678,-0.06
2679,-0.19
2680,-0.2
2681,-0.21
2682,-0.205
2683,-0.225
2684,-0.235
2685,0.155
2686,1.09
2687,1.75
2688,0.42
2689,-0.575
2690,-0.67
2691,-0.42
2692,-0.175
2693,-0.175
2694,-0.155
2695,-0.165
2696,-0.145
2697,-0.155
2698,-0.12
2699,-0.125
2700,-0.085
2701,-0.08
2702,-0.045
2703,-0.04
2704,0.0
2705,0.025
2706,0.065
2707,0.09
2708,0.15
2709,0.18
2710,0.225
2711,0.24
2712,0.265
2713,0.275
2714,0.28
2715,0.26
2716,0.235
2717,0.18
2718,0.125
2719,0.07
2720,0.03
2721,0.0
2722,-0.02
2723,-0.03
2724,-0.03
2725,-0.035
2726,-0.03
2727,-0.03
2728,-0.035
2729,-0.025
2730,-0.035
2731,-0.035
2732,-0.03
2733,-0.04
2734,-0.055
2735,-0.06
2736,-0.08
2737,-0.075
2738,-0.08
2739,-0.08
2740,-0.09
2741,-0.09
2742,-0.105
2743,-0.1
2744,-0.105
2745,-0.1
2746,-0.105
2747,-0.1
2748,-0.105
2749,-0.1
2750,-0.075
2751,-0.005
2752,0.04
2753,0.005
2754,0.115
2755,0.135
2756,0.1
2757,0.005
2758,-0.06
2759,-0.07
2760,-0.18
2761,-0.215
2762,-0.215
2763,-0.2
2764,-0.205
2765,-0.245
2766,0.06
2767,0.89
2768,1.58
2769,0.7
2770,-0.47
2771,-0.685
2772,-0.41
2773,-0.19
2774,-0.185
2775,-0.175
2776,-0.17
2777,-0.15
2778,-0.14
2779,-0.13
2780,-0.12
2781,-0.095
2782,-0.07
2783,-0.045
2784,-0.025
2785,-0.005
2786,0.025
2787,0.05
2788,0.085
2789,0.135
2790,0.18
2791,0.21
2792,0.24
2793,0.27
2794,0.26
2795,0.27
2796,0.27
2797,0.24
2798,0.19
2799,0.14
2800,0.095
2801,0.055
2802,0.015
2803,-0.005
2804,-0.005
2805,-0.01
2806,-0.01
2807,-0.02
2808,-0.015
2809,-0.01
2810,-0.02
2811,-0.025
2812,-0.02
2813,-0.035
2814,-0.03
2815,-0.025
2816,-0.055
2817,-0.055
2818,-0.055
2819,-0.065
2820,-0.07
2821,-0.06
2822,-0.075
2823,-0.08
2824,-0.095
2825,-0.08
2826,-0.095
2827,-0.09
2828,-0.09
2829,-0.095
2830,-0.1
2831,-0.09
2832,-0.11
2833,-0.085
2834,-0.06
2835,-0.015
2836,0.03
2837,0.045
2838,0.13
2839,0.16
2840,0.095
2841,0.045
2842,-0.035
2843,-0.04
2844,-0.175
2845,-0.19
2846,-0.195
2847,-0.195
2848,-0.2
2849,-0.21
2850,0.125
2851,0.865
2852,1.45
2853,0.45
2854,-0.48
2855,-0.72
2856,-0.535
2857,-0.235
2858,-0.18
2859,-0.17
2860,-0.16
2861,-0.16
2862,-0.145
2863,-0.14
2864,-0.125
2865,-0.08
2866,-0.085
2867,-0.06
2868,-0.04
2869,0.005
2870,0.02
2871,0.045
2872,0.085
2873,0.135
2874,0.155
2875,0.195
2876,0.215
2877,0.23
2878,0.27
2879,0.265
2880,0.26
2881,0.235
2882,0.175
2883,0.16
2884,0.09
2885,0.05
2886,0.02
2887,0.01
2888,-0.015
2889,-0.025
2890,-0.015
2891,-0.02
2892,-0.005
2893,-0.03
2894,-0.005
2895,-0.015
2896,-0.03
2897,-0.02
2898,-0.03
2899,-0.01
2900,-0.045
2901,-0.065
2902,-0.07
2903,-0.075
2904,-0.055
2905,-0.07
2906,-0.085
2907,-0.065
2908,-0.1
2909,-0.06
2910,-0.105
2911,-0.08
2912,-0.095
2913,-0.095
2914,-0.1
2915,-0.09
2916,-0.11
2917,-0.085
2918,-0.07
2919,-0.005
2920,0.025
2921,0.055
2922,0.14
2923,0.155
2924,0.09
2925,0.02
2926,-0.035
2927,-0.075
2928,-0.165
2929,-0.195
2930,-0.21
2931,-0.205
2932,-0.225
2933,-0.17
2934,0.22
2935,1.055
2936,1.545
2937,0.19
2938,-0.65
2939,-0.765
2940,-0.535
2941,-0.235
2942,-0.195
2943,-0.135
2944,-0.16
2945,-0.135
2946,-0.14
2947,-0.12
2948,-0.095
2949,-0.08
2950,-0.065
2951,-0.035
2952,-0.01
2953,0.0
2954,0.02
2955,0.06
2956,0.1
2957,0.14
2958,0.16
2959,0.21
2960,0.225
2961,0.23
2962,0.265
2963,0.24
2964,0.24
2965,0.225
2966,0.165
2967,0.12
2968,0.085
2969,0.04
2970,0.0
2971,0.0
2972,-0.025
2973,-0.01
2974,-0.025
2975,-0.05
2976,-0.01
2977,-0.025
2978,-0.03
2979,-0.01
2980,-0.04
2981,-0.04
2982,-0.04
2983,-0.025
2984,-0.065
2985,-0.055
2986,-0.075
2987,-0.065
2988,-0.085
2989,-0.08
2990,-0.07
2991,-0.085
2992,-0.1
2993,-0.09
2994,-0.09
2995,-0.1
2996,-0.11
2997,-0.1
2998,-0.09
2999,-0.07
3000,-0.045
3001,0.0
3002,0.035
3003,0.06
3004,0.185
3005,0.16
3006,0.065
3007,0.03
3008,-0.04
3009,-0.11
3010,-0.18
3011,-0.195
3012,-0.205
3013,-0.185
3014,-0.24
3015,-0.05
3016,0.58
3017,1.33
3018,1.29
3019,-0.15
3020,-0.84
3021,-0.705
3022,-0.395
3023,-0.19
3024,-0.175
3025,-0.155
3026,-0.185
3027,-0.125
3028,-0.145
3029,-0.12
3030,-0.09
3031,-0.075
3032,-0.05
3033,-0.035
3034,-0.01
3035,0.025
3036,0.03
3037,0.105
3038,0.115
3039,0.165
3040,0.2
3041,0.235
3042,0.26
3043,0.265
3044,0.265
3045,0.285
3046,0.24
3047,0.2
3048,0.16
3049,0.11
3050,0.07
3051,0.015
3052,-0.01
3053,-0.015
3054,-0.025
3055,-0.04
3056,-0.03
3057,-0.02
3058,-0.03
3059,-0.025
3060,-0.02
3061,-0.03
3062,-0.035
3063,-0.03
3064,-0.04
3065,-0.05
3066,-0.065
3067,-0.055
3068,-0.065
3069,-0.065
3070,-0.085
3071,-0.08
3072,-0.105
3073,-0.085
3074,-0.095
3075,-0.085
3076,-0.115
3077,-0.1
3078,-0.115
3079,-0.09
3080,-0.125
3081,-0.105
3082,-0.065
3083,0.0
3084,0.02
3085,0.055
3086,0.165
3087,0.14
3088,0.05
3089,0.0
3090,-0.045
3091,-0.095
3092,-0.195
3093,-0.205
3094,-0.225
3095,-0.195
3096,-0.23
3097,-0.095
3098,0.455
3099,1.345
3100,1.605
3101,-0.075
3102,-0.845
3103,-0.635
3104,-0.365
3105,-0.16
3106,-0.17
3107,-0.15
3108,-0.16
3109,-0.135
3110,-0.13
3111,-0.105
3112,-0.1
3113,-0.07
3114,-0.055
3115,-0.03
3116,-0.015
3117,0.02
3118,0.055
3119,0.085
3120,0.105
3121,0.175
3122,0.195
3123,0.235
3124,0.255
3125,0.255
3126,0.27
3127,0.27
3128,0.25
3129,0.22
3130,0.18
3131,0.12
3132,0.065
3133,0.035
3134,0.015
3135,0.0
3136,-0.015
3137,-0.01
3138,-0.02
3139,-0.005
3140,-0.005
3141,-0.005
3142,0.0
3143,0.0
3144,-0.005
3145,-0.02
3146,-0.02
3147,-0.015
3148,-0.03
3149,-0.045
3150,-0.05
3151,-0.065
3152,-0.075
3153,-0.065
3154,-0.07
3155,-0.085
3156,-0.08
3157,-0.08
3158,-0.085
3159,-0.075
3160,-0.08
3161,-0.095
3162,-0.09
3163,-0.085
3164,-0.075
3165,-0.095
3166,-0.095
3167,-0.095
3168,-0.095
3169,-0.1
3170,-0.11
3171,-0.08
3172,-0.025
3173,0.025
3174,0.02
3175,0.095
3176,0.155
3177,0.11
3178,0.015
3179,-0.025
3180,-0.035
3181,-0.15
3182,-0.19
3183,-0.195
3184,-0.195
3185,-0.2
3186,-0.235
3187,0.065
3188,0.87
3189,1.575
3190,0.8
3191,-0.395
3192,-0.74
3193,-0.48
3194,-0.22
3195,-0.175
3196,-0.165
3197,-0.145
3198,-0.135
3199,-0.14
3200,-0.12
3201,-0.11
3202,-0.08
3203,-0.065
3204,-0.05
3205,-0.03
3206,0.0
3207,0.02
3208,0.055
3209,0.08
3210,0.115
3211,0.16
3212,0.19
3213,0.215
3214,0.24
3215,0.245
3216,0.25
3217,0.25
3218,0.235
3219,0.205
3220,0.165
3221,0.125
3222,0.08
3223,0.045
3224,0.03
3225,0.015
3226,0.01
3227,0.01
3228,0.005
3229,0.01
3230,0.005
3231,0.01
3232,0.0
3233,0.0
3234,-0.005
3235,-0.015
3236,-0.015
3237,-0.02
3238,-0.03
3239,-0.04
3240,-0.04
3241,-0.05
3242,-0.05
3243,-0.055
3244,-0.055
3245,-0.065
3246,-0.065
3247,-0.06
3248,-0.06
3249,-0.06
3250,-0.07
3251,-0.075
3252,-0.065
3253,-0.07
3254,-0.065
3255,-0.07
3256,-0.07
3257,-0.08
3258,-0.075
3259,-0.08
3260,-0.07
3261,-0.08
3262,-0.075
3263,-0.085
3264,-0.075
3265,-0.09
3266,-0.075
3267,-0.09
3268,-0.075
3269,-0.09
3270,-0.075
3271,-0.055
3272,0.0
3273,0.035
3274,0.035
3275,0.125
3276,0.155
3277,0.095
3278,0.015
3279,-0.03
3280,-0.03
3281,-0.155
3282,-0.17
3283,-0.185
3284,-0.175
3285,-0.195
3286,-0.185
3287,0.19
3288,1.105
3289,1.685
3290,0.195
3291,-0.65
3292,-0.62
3293,-0.385
3294,-0.145
3295,-0.155
3296,-0.135
3297,-0.145
3298,-0.125
3299,-0.135
3300,-0.115
3301,-0.11
3302,-0.065
3303,-0.055
3304,-0.03
3305,-0.02
3306,0.015
3307,0.04
3308,0.08
3309,0.095
3310,0.13
3311,0.15
3312,0.19
3313,0.21
3314,0.215
3315,0.22
3316,0.235
3317,0.23
3318,0.225
3319,0.195
3320,0.17
3321,0.13
3322,0.09
3323,0.055
3324,0.04
3325,0.02
3326,0.01
3327,0.01
3328,0.005
3329,0.015
3330,0.01
3331,0.01
3332,0.0
3333,0.0
3334,0.0
3335,0.0
3336,-0.015
3337,-0.02
3338,-0.03
3339,-0.035
3340,-0.045
3341,-0.045
3342,-0.055
3343,-0.04
3344,-0.055
3345,-0.05
3346,-0.055
3347,-0.04
3348,-0.065
3349,-0.06
3350,-0.06
3351,-0.05
3352,-0.07
3353,-0.065
3354,-0.07
3355,-0.055
3356,-0.08
3357,-0.065
3358,-0.085
3359,-0.06
3360,-0.085
3361,-0.075
3362,-0.095
3363,-0.065
3364,-0.045
3365,0.005
3366,0.05
3367,0.065
3368,0.165
3369,0.17
3370,0.095
3371,0.025
3372,-0.04
3373,-0.035
3374,-0.17
3375,-0.17
3376,-0.2
3377,-0.17
3378,-0.195
3379,-0.135
3380,0.265
3381,1.065
3382,1.555
3383,0.07
3384,-0.695
3385,-0.655
3386,-0.415
3387,-0.17
3388,-0.16
3389,-0.145
3390,-0.145
3391,-0.125
3392,-0.14
3393,-0.1
3394,-0.11
3395,-0.08
3396,-0.065
3397,-0.02
3398,-0.015
3399,0.015
3400,0.025
3401,0.065
3402,0.105
3403,0.125
3404,0.16
3405,0.18
3406,0.2
3407,0.23
3408,0.205
3409,0.23
3410,0.215
3411,0.205
3412,0.165
3413,0.15
3414,0.09
3415,0.06
3416,0.03
3417,0.015
3418,0.015
3419,0.0
3420,0.0
3421,0.0
3422,-0.01
3423,0.005
3424,-0.005
3425,0.0
3426,-0.025
3427,-0.025
3428,-0.03
3429,-0.04
3430,-0.04
3431,-0.045
3432,-0.055
3433,-0.055
3434,-0.06
3435,-0.055
3436,-0.065
3437,-0.07
3438,-0.07
3439,-0.08
3440,-0.08
3441,-0.075
3442,-0.08
3443,-0.085
3444,-0.095
3445,-0.08
3446,-0.085
3447,-0.1
3448,-0.085
3449,-0.09
3450,-0.1
3451,-0.1
3452,-0.1
3453,-0.025
3454,0.015
3455,0.02
3456,0.08
3457,0.185
3458,0.12
3459,0.055
3460,-0.015
3461,-0.025
3462,-0.145
3463,-0.17
3464,-0.2
3465,-0.195
3466,-0.19
3467,-0.235
3468,0.06
3469,0.73
3470,1.305
3471,0.725
3472,-0.235
3473,-0.72
3474,-0.615
3475,-0.33
3476,-0.18
3477,-0.155
3478,-0.16
3479,-0.135
3480,-0.14
3481,-0.11
3482,-0.1
3483,-0.08
3484,-0.065
3485,-0.04
3486,-0.01
3487,0.01
3488,0.03
3489,0.05
3490,0.075
3491,0.125
3492,0.15
3493,0.17
3494,0.195
3495,0.215
3496,0.215
3497,0.235
3498,0.22
3499,0.225
3500,0.19
3501,0.145
3502,0.125
3503,0.085
3504,0.065
3505,0.005
3506,-0.005
3507,0.0
3508,0.01
3509,0.005
3510,-0.005
3511,-0.03
3512,-0.025
3513,-0.01
3514,-0.015
3515,-0.015
3516,-0.045
3517,-0.04
3518,-0.03
3519,-0.045
3520,-0.065
3521,-0.075
3522,-0.06
3523,-0.06
3524,-0.08
3525,-0.075
3526,-0.085
3527,-0.065
3528,-0.08
3529,-0.09
3530,-0.085
3531,-0.065
3532,-0.09
3533,-0.085
3534,-0.1
3535,-0.09
3536,-0.09
3537,-0.09
3538,-0.095
3539,-0.03
3540,0.04
3541,0.035
3542,0.085
3543,0.2
3544,0.145
3545,0.05
3546,-0.01
3547,-0.025
3548,-0.13
3549,-0.15
3550,-0.2
3551,-0.19
3552,-0.17
3553,-0.215
3554,0.065
3555,0.83
3556,1.44
3557,0.705
3558,-0.32
3559,-0.775
3560,-0.61
3561,-0.325
3562,-0.18
3563,-0.145
3564,-0.155
3565,-0.13
3566,-0.13
3567,-0.12
3568,-0.1
3569,-0.075
3570,-0.075
3571,-0.035
3572,-0.035
3573,0.005
3574,0.03
3575,0.05
3576,0.07
3577,0.125
3578,0.15
3579,0.205
3580,0.2
3581,0.215
3582,0.235
3583,0.225
3584,0.235
3585,0.205
3586,0.19
3587,0.15
3588,0.095
3589,0.075
3590,0.035
3591,0.015
3592,0.0
3593,-0.015
3594,-0.005
3595,-0.015
3596,-0.02
3597,0.0
3598,-0.015
3599,-0.01
3600,-0.02
3601,-0.025
3602,-0.035
3603,-0.02
3604,-0.04
3605,-0.055
3606,-0.055
3607,-0.055
3608,-0.06
3609,-0.07
3610,-0.065
3611,-0.07
3612,-0.065
3613,-0.065
3614,-0.085
3615,-0.065
3616,-0.075
3617,-0.095
3618,-0.095
3619,-0.09
3620,-0.085
3621,-0.1
3622,-0.085
3623,-0.075
3624,-0.025
3625,0.02
3626,0.03
3627,0.085
3628,0.195
3629,0.145
3630,0.045
3631,-0.015
3632,-0.04
3633,-0.135
3634,-0.2
3635,-0.22
3636,-0.2
3637,-0.205
3638,-0.26
3639,0.04
3640,0.775
3641,1.44
3642,0.905
3643,-0.28
3644,-0.79
3645,-0.6
3646,-0.315
3647,-0.17
3648,-0.165
3649,-0.16
3650,-0.14
3651,-0.14
3652,-0.135
3653,-0.125
3654,-0.09
3655,-0.075
3656,-0.04
3657,-0.03
3658,0.005
3659,0.025
3660,0.04
3661,0.085
3662,0.115
3663,0.155
3664,0.2
3665,0.22
3666,0.23
3667,0.24
3668,0.25
3669,0.26
3670,0.245
3671,0.2
3672,0.16
3673,0.115
3674,0.07
3675,0.04
3676,0.01
3677,0.0
3678,-0.005
3679,-0.01
3680,-0.015
3681,0.0
3682,0.0
3683,-0.005
3684,-0.015
3685,-0.005
3686,-0.015
3687,-0.025
3688,-0.035
3689,-0.035
3690,-0.045
3691,-0.05
3692,-0.06
3693,-0.06
3694,-0.075
3695,-0.06
3696,-0.08
3697,-0.07
3698,-0.075
3699,-0.075
3700,-0.095
3701,-0.075
3702,-0.09
3703,-0.08
3704,-0.095
3705,-0.08
3706,-0.095
3707,-0.08
3708,-0.1
3709,-0.09
3710,-0.065
3711,0.0
3712,0.04
3713,0.045
3714,0.16
3715,0.15
3716,0.07
3717,0.02
3718,-0.04
3719,-0.065
3720,-0.19
3721,-0.185
3722,-0.2
3723,-0.19
3724,-0.22
3725,-0.155
3726,0.295
3727,1.22
3728,1.71
3729,0.065
3730,-0.73
3731,-0.63
3732,-0.395
3733,-0.15
3734,-0.17
3735,-0.155
3736,-0.165
3737,-0.14
3738,-0.14
3739,-0.11
3740,-0.105
3741,-0.075
3742,-0.065
3743,-0.03
3744,-0.02
3745,0.01
3746,0.035
3747,0.075
3748,0.1
3749,0.145
3750,0.17
3751,0.2
3752,0.21
3753,0.22
3754,0.22
3755,0.23
3756,0.22
3757,0.205
3758,0.165
3759,0.135
3760,0.095
3761,0.055
3762,0.025
3763,0.01
3764,0.005
3765,0.0
3766,-0.005
3767,0.0
3768,0.005
3769,0.005
3770,0.0
3771,0.0
3772,-0.005
3773,-0.015
3774,-0.02
3775,-0.03
3776,-0.03
3777,-0.04
3778,-0.045
3779,-0.055
3780,-0.055
3781,-0.06
3782,-0.06
3783,-0.065
3784,-0.065
3785,-0.075
3786,-0.07
3787,-0.08
3788,-0.075
3789,-0.085
3790,-0.075
3791,-0.085
3792,-0.08
3793,-0.09
3794,-0.095
3795,-0.105
3796,-0.095
3797,-0.105
3798,-0.1
3799,-0.07
3800,-0.005
3801,0.03
3802,0.02
3803,0.11
3804,0.15
3805,0.105
3806,0.02
3807,-0.035
3808,-0.04
3809,-0.16
3810,-0.19
3811,-0.2
3812,-0.185
3813,-0.19
3814,-0.225
3815,0.085
3816,0.915
3817,1.56
3818,0.55
3819,-0.5
3820,-0.695
3821,-0.44
3822,-0.18
3823,-0.17
3824,-0.16
3825,-0.155
3826,-0.135
3827,-0.135
3828,-0.12
3829,-0.11
3830,-0.085
3831,-0.065
3832,-0.04
3833,-0.02
3834,0.005
3835,0.025
3836,0.06
3837,0.085
3838,0.12
3839,0.155
3840,0.18
3841,0.195
3842,0.205
3843,0.195
3844,0.21
3845,0.21
3846,0.2
3847,0.175
3848,0.155
3849,0.11
3850,0.075
3851,0.05
3852,0.025
3853,0.01
3854,0.01
3855,0.0
3856,0.0
3857,0.01
3858,0.005
3859,0.0
3860,0.0
3861,-0.01
3862,-0.02
3863,-0.02
3864,-0.025
3865,-0.02
3866,-0.035
3867,-0.04
3868,-0.045
3869,-0.055
3870,-0.06
3871,-0.06
3872,-0.065
3873,-0.065
3874,-0.075
3875,-0.065
3876,-0.08
3877,-0.07
3878,-0.075
3879,-0.065
3880,-0.075
3881,-0.085
3882,-0.085
3883,-0.07
3884,-0.085
3885,-0.08
3886,-0.095
3887,-0.07
3888,-0.095
3889,-0.08
3890,-0.055
3891,0.0
3892,0.03
3893,0.05
3894,0.15
3895,0.165
3896,0.115
3897,0.035
3898,-0.03
3899,-0.045
3900,-0.165
3901,-0.165
3902,-0.185
3903,-0.175
3904,-0.2
3905,-0.18
3906,0.175
3907,0.96
3908,1.48
3909,0.235
3910,-0.55
3911,-0.675
3912,-0.455
3913,-0.19
3914,-0.17
3915,-0.145
3916,-0.165
3917,-0.125
3918,-0.13
3919,-0.1
3920,-0.1
3921,-0.08
3922,-0.075
3923,-0.04
3924,-0.03
3925,0.005
3926,0.015
3927,0.055
3928,0.07
3929,0.105
3930,0.125
3931,0.16
3932,0.175
3933,0.19
3934,0.18
3935,0.2
3936,0.21
3937,0.195
3938,0.165
3939,0.155
3940,0.11
3941,0.08
3942,0.035
3943,0.035
3944,0.025
3945,0.015
3946,0.0
3947,0.0
3948,0.0
3949,0.005
3950,0.0
3951,-0.005
3952,-0.01
3953,-0.02
3954,-0.015
3955,-0.035
3956,-0.045
3957,-0.045
3958,-0.045
3959,-0.04
3960,-0.06
3961,-0.075
3962,-0.065
3963,-0.06
3964,-0.065
3965,-0.07
3966,-0.07
3967,-0.08
3968,-0.07
3969,-0.07
3970,-0.075
3971,-0.09
3972,-0.09
3973,-0.075
3974,-0.09
3975,-0.08
3976,-0.1
3977,-0.085
3978,-0.09
3979,-0.075
3980,-0.115
3981,-0.09
3982,-0.07
3983,-0.02
3984,0.015
3985,0.025
3986,0.13
3987,0.17
3988,0.095
3989,0.015
3990,-0.04
3991,-0.055
3992,-0.185
3993,-0.185
3994,-0.205
3995,-0.175
3996,-0.22
3997,-0.165
3998,0.245
3999,1.005
4000,1.455
4001,0.175
4002,-0.56
4003,-0.705
4004,-0.5
4005,-0.23
4006,-0.185
4007,-0.155
4008,-0.155
4009,-0.135
4010,-0.145
4011,-0.11
4012,-0.105
4013,-0.075
4014,-0.075
4015,-0.035
4016,-0.035
4017,0.0
4018,0.015
4019,0.055
4020,0.07
4021,0.105
4022,0.125
4023,0.155
4024,0.16
4025,0.185
4026,0.195
4027,0.21
4028,0.195
4029,0.175
4030,0.16
4031,0.135
4032,0.1
4033,0.06
4034,0.035
4035,0.015
4036,0.01
4037,-0.005
4038,-0.01
4039,-0.005
4040,0.0
4041,0.0
4042,-0.015
4043,-0.015
4044,-0.02
4045,-0.035
4046,-0.045
4047,-0.05
4048,-0.045
4049,-0.06
4050,-0.07
4051,-0.08
4052,-0.07
4053,-0.075
4054,-0.08
4055,-0.085
4056,-0.085
4057,-0.09
4058,-0.085
4059,-0.085
4060,-0.095
4061,-0.1
4062,-0.09
4063,-0.1
4064,-0.095
4065,-0.105
4066,-0.1
4067,-0.1
4068,-0.1
4069,-0.11
4070,-0.095
4071,-0.055
4072,0.01
4073,0.02
4074,0.055
4075,0.17
4076,0.12
4077,0.04
4078,-0.02
4079,-0.04
4080,-0.13
4081,-0.2
4082,-0.195
4083,-0.2
4084,-0.195
4085,-0.245
4086,0.0
4087,0.645
4088,1.3
4089,0.99
4090,-0.205
4091,-0.735
4092,-0.56
4093,-0.3
4094,-0.16
4095,-0.16
4096,-0.14
4097,-0.14
4098,-0.125
4099,-0.115
4100,-0.095
4101,-0.085
4102,-0.06
4103,-0.045
4104,-0.02
4105,0.0
4106,0.03
4107,0.05
4108,0.085
4109,0.115
4110,0.145
4111,0.175
4112,0.2
4113,0.205
4114,0.21
4115,0.22
4116,0.22
4117,0.21
4118,0.185
4119,0.15
4120,0.105
4121,0.07
4122,0.04
4123,0.02
4124,0.005
4125,0.0
4126,0.0
4127,-0.005
4128,0.0
4129,-0.005
4130,0.0
4131,0.0
4132,0.0
4133,-0.01
4134,-0.015
4135,-0.025
4136,-0.03
4137,-0.035
4138,-0.04
4139,-0.05
4140,-0.05
4141,-0.055
4142,-0.06
4143,-0.07
4144,-0.065
4145,-0.075
4146,-0.065
4147,-0.07
4148,-0.065
4149,-0.08
4150,-0.07
4151,-0.08
4152,-0.075
4153,-0.085
4154,-0.075
4155,-0.085
4156,-0.08
4157,-0.085
4158,-0.075
4159,-0.095
4160,-0.08
4161,-0.095
4162,-0.08
4163,-0.095
4164,-0.085
4165,-0.105
4166,-0.085
4167,-0.07
4168,-0.01
4169,0.025
4170,0.03
4171,0.11
4172,0.15
4173,0.095
4174,0.02
4175,-0.035
4176,-0.03
4177,-0.165
4178,-0.18
4179,-0.19
4180,-0.165
4181,-0.2
4182,-0.19
4183,0.18
4184,1.085
4185,1.64
4186,0.19
4187,-0.64
4188,-0.625
4189,-0.39
4190,-0.15
4191,-0.16
4192,-0.14
4193,-0.15
4194,-0.13
4195,-0.135
4196,-0.105
4197,-0.115
4198,-0.075
4199,-0.07
4200,-0.03
4201,-0.015
4202,0.015
4203,0.03
4204,0.06
4205,0.085
4206,0.125
4207,0.15
4208,0.185
4209,0.195
4210,0.21
4211,0.205
4212,0.21
4213,0.205
4214,0.2
4215,0.17
4216,0.145
4217,0.11
4218,0.08
4219,0.05
4220,0.025
4221,0.015
4222,0.01
4223,0.01
4224,0.015
4225,0.01
4226,0.015
4227,0.015
4228,0.015
4229,0.005
4230,0.0
4231,0.0
4232,-0.005
4233,-0.015
4234,-0.02
4235,-0.03
4236,-0.025
4237,-0.035
4238,-0.035
4239,-0.04
4240,-0.04
4241,-0.045
4242,-0.045
4243,-0.055
4244,-0.055
4245,-0.06
4246,-0.055
4247,-0.06
4248,-0.055
4249,-0.065
4250,-0.065
4251,-0.065
4252,-0.065
4253,-0.07
4254,-0.06
4255,-0.075
4256,-0.065
4257,-0.075
4258,-0.065
4259,-0.075
4260,-0.07
4261,-0.08
4262,-0.065
4263,-0.08
4264,-0.07
4265,-0.08
4266,-0.08
4267,-0.065
4268,-0.01
4269,0.035
4270,0.04
4271,0.105
4272,0.18
4273,0.12
4274,0.03
4275,-0.025
4276,-0.02
4277,-0.145
4278,-0.18
4279,-0.19
4280,-0.185
4281,-0.19
4282,-0.205
4283,0.12
4284,0.9
4285,1.44
4286,0.32
4287,-0.53
4288,-0.675
4289,-0.455
4290,-0.19
4291,-0.17
4292,-0.155
4293,-0.155
4294,-0.135
4295,-0.145
4296,-0.12
4297,-0.11
4298,-0.075
4299,-0.065
4300,-0.035
4301,-0.03
4302,0.01
4303,0.025
4304,0.06
4305,0.075
4306,0.11
4307,0.145
4308,0.17
4309,0.185
4310,0.195
4311,0.2
4312,0.215
4313,0.2
4314,0.205
4315,0.19
4316,0.16
4317,0.11
4318,0.08
4319,0.055
4320,0.03
4321,0.015
4322,0.01
4323,-0.01
4324,0.01
4325,0.01
4326,0.0
4327,-0.005
4328,0.0
4329,0.0
4330,0.0
4331,-0.02
4332,-0.03
4333,-0.03
4334,-0.035
4335,-0.05
4336,-0.04
4337,-0.045
4338,-0.06
4339,-0.06
4340,-0.05
4341,-0.055
4342,-0.05
4343,-0.065
4344,-0.055
4345,-0.06
4346,-0.06
4347,-0.055
4348,-0.07
4349,-0.075
4350,-0.065
4351,-0.075
4352,-0.075
4353,-0.085
4354,-0.07
4355,-0.07
4356,-0.07
4357,-0.1
4358,-0.055
4359,-0.09
4360,-0.075
4361,-0.065
4362,-0.025
4363,0.025
4364,0.05
4365,0.12
4366,0.21
4367,0.125
4368,0.045
4369,-0.03
4370,-0.025
4371,-0.16
4372,-0.17
4373,-0.195
4374,-0.16
4375,-0.2
4376,-0.17
4377,0.215
4378,0.915
4379,1.395
4380,0.32
4381,-0.405
4382,-0.7
4383,-0.545
4384,-0.245
4385,-0.16
4386,-0.125
4387,-0.15
4388,-0.11
4389,-0.14
4390,-0.095
4391,-0.085
4392,-0.055
4393,-0.06
4394,-0.015
4395,-0.01
4396,0.03
4397,0.04
4398,0.045
4399,0.095
4400,0.13
4401,0.125
4402,0.185
4403,0.19
4404,0.205
4405,0.2
4406,0.21
4407,0.22
4408,0.215
4409,0.19
4410,0.15
4411,0.12
4412,0.08
4413,0.055
4414,0.04
4415,0.02
4416,0.0
4417,-0.01
4418,0.0
4419,0.005
4420,-0.01
4421,-0.01
4422,-0.005
4423,-0.005
4424,-0.02
4425,-0.025
4426,-0.01
4427,-0.045
4428,-0.04
4429,-0.04
4430,-0.055
4431,-0.07
4432,-0.065
4433,-0.075
4434,-0.075
4435,-0.07
4436,-0.07
4437,-0.075
4438,-0.085
4439,-0.075
4440,-0.065
4441,-0.085
4442,-0.1
4443,-0.08
4444,-0.09
4445,-0.085
4446,-0.095
4447,-0.1
4448,-0.035
4449,0.01
4450,0.03
4451,0.075
4452,0.215
4453,0.14
4454,0.06
4455,0.0
4456,-0.035
4457,-0.11
4458,-0.18
4459,-0.215
4460,-0.18
4461,-0.19
4462,-0.24
4463,0.04
4464,0.715
4465,1.285
4466,0.81
4467,-0.2
4468,-0.755
4469,-0.675
4470,-0.36
4471,-0.18
4472,-0.16
4473,-0.16
4474,-0.145
4475,-0.135
4476,-0.115
4477,-0.12
4478,-0.1
4479,-0.07
4480,-0.055
4481,-0.05
4482,0.0
4483,0.02
4484,0.05
4485,0.09
4486,0.105
4487,0.155
4488,0.155
4489,0.195
4490,0.225
4491,0.22
4492,0.24
4493,0.215
4494,0.225
4495,0.175
4496,0.145
4497,0.105
4498,0.065
4499,0.03
4500,-0.015
4501,-0.01
4502,-0.015
4503,-0.035
4504,-0.005
4505,-0.01
4506,-0.025
4507,-0.045
4508,-0.02
4509,-0.035
4510,-0.05
4511,-0.04
4512,-0.055
4513,-0.06
4514,-0.075
4515,-0.07
4516,-0.085
4517,-0.08
4518,-0.09
4519,-0.095
4520,-0.09
4521,-0.1
4522,-0.085
4523,-0.095
4524,-0.09
4525,-0.105
4526,-0.105
4527,-0.11
4528,-0.12
4529,-0.095
4530,-0.055
4531,0.005
4532,0.02
4533,0.055
4534,0.17
4535,0.145
4536,0.045
4537,-0.025
4538,-0.04
4539,-0.125
4540,-0.195
4541,-0.2
4542,-0.21
4543,-0.2
4544,-0.25
4545,0.025
4546,0.72
4547,1.365
4548,0.965
4549,-0.24
4550,-0.765
4551,-0.625
4552,-0.34
4553,-0.165
4554,-0.16
4555,-0.155
4556,-0.145
4557,-0.125
4558,-0.13
4559,-0.12
4560,-0.085
4561,-0.075
4562,-0.055
4563,-0.02
4564,0.0
4565,0.025
4566,0.055
4567,0.085
4568,0.135
4569,0.165
4570,0.2
4571,0.21
4572,0.245
4573,0.25
4574,0.25
4575,0.265
4576,0.24
4577,0.185
4578,0.145
4579,0.09
4580,0.035
4581,0.005
4582,-0.01
4583,-0.02
4584,-0.025
4585,-0.04
4586,-0.045
4587,-0.04
4588,-0.035
4589,-0.03
4590,-0.025
4591,-0.045
4592,-0.045
4593,-0.055
4594,-0.055
4595,-0.07
4596,-0.07
4597,-0.08
4598,-0.07
4599,-0.09
4600,-0.1
4601,-0.1
4602,-0.095
4603,-0.11
4604,-0.1
4605,-0.105
4606,-0.095
4607,-0.11
4608,-0.115
4609,-0.12
4610,-0.105
4611,-0.12
4612,-0.09
4613,-0.06
4614,0.0
4615,0.01
4616,0.04
4617,0.16
4618,0.11
4619,0.02
4620,-0.005
4621,-0.05
4622,-0.1
4623,-0.205
4624,-0.205
4625,-0.215
4626,-0.195
4627,-0.245
4628,-0.09
4629,0.47
4630,1.33
4631,1.515
4632,-0.125
4633,-0.81
4634,-0.575
4635,-0.325
4636,-0.15
4637,-0.17
4638,-0.145
4639,-0.15
4640,-0.13
4641,-0.135
4642,-0.115
4643,-0.105
4644,-0.075
4645,-0.055
4646,-0.025
4647,-0.015
4648,0.02
4649,0.04
4650,0.075
4651,0.105
4652,0.155
4653,0.18
4654,0.215
4655,0.235
4656,0.25
4657,0.25
4658,0.255
4659,0.22
4660,0.205
4661,0.16
4662,0.11
4663,0.075
4664,0.02
4665,-0.01
4666,-0.02
4667,-0.025
4668,-0.025
4669,-0.03
4670,-0.03
4671,-0.02
4672,-0.025
4673,-0.015
4674,-0.005
4675,-0.02
4676,-0.03
4677,-0.035
4678,-0.02
4679,-0.035
4680,-0.04
4681,-0.07
4682,-0.065
4683,-0.05
4684,-0.06
4685,-0.06
4686,-0.06
4687,-0.045
4688,-0.075
4689,-0.07
4690,-0.07
4691,-0.08
4692,-0.085
4693,-0.06
4694,-0.09
4695,-0.085
4696,-0.09
4697,-0.07
4698,-0.1
4699,-0.085
4700,-0.075
4701,-0.015
4702,0.04
4703,0.02
4704,0.105
4705,0.185
4706,0.115
4707,0.015
4708,-0.04
4709,-0.035
4710,-0.16
4711,-0.185
4712,-0.19
4713,-0.185
4714,-0.195
4715,-0.22
4716,0.13
4717,0.94
4718,1.525
4719,0.475
4720,-0.465
4721,-0.73
4722,-0.53
4723,-0.24
4724,-0.16
4725,-0.165
4726,-0.14
4727,-0.14
4728,-0.14
4729,-0.1
4730,-0.11
4731,-0.08
4732,-0.065
4733,-0.02
4734,-0.02
4735,0.005
4736,0.03
4737,0.06
4738,0.08
4739,0.125
4740,0.16
4741,0.205
4742,0.22
4743,0.225
4744,0.23
4745,0.26
4746,0.25
4747,0.245
4748,0.2
4749,0.165
4750,0.115
4751,0.085
4752,0.045
4753,0.01
4754,0.015
4755,-0.005
4756,0.0
4757,-0.015
4758,-0.015
4759,0.01
4760,-0.015
4761,-0.005
4762,0.0
4763,-0.025
4764,-0.01
4765,-0.04
4766,-0.035
4767,-0.045
4768,-0.05
4769,-0.05
4770,-0.055
4771,-0.075
4772,-0.06
4773,-0.07
4774,-0.07
4775,-0.08
4776,-0.095
4777,-0.08
4778,-0.07
4779,-0.085
4780,-0.11
4781,-0.085
4782,-0.095
4783,-0.1
4784,-0.09
4785,-0.095
4786,-0.115
4787,-0.1
4788,-0.085
4789,-0.05
4790,0.02
4791,0.03
4792,0.065
4793,0.19
4794,0.13
4795,0.055
4796,-0.01
4797,-0.02
4798,-0.13
4799,-0.185
4800,-0.2
4801,-0.19
4802,-0.18
4803,-0.23
4804,0.055
4805,0.75
4806,1.375
4807,0.88
4808,-0.245
4809,-0.765
4810,-0.61
4811,-0.335
4812,-0.18
4813,-0.155
4814,-0.15
4815,-0.145
4816,-0.13
4817,-0.11
4818,-0.105
4819,-0.085
4820,-0.07
4821,-0.05
4822,-0.03
4823,0.0
4824,0.02
4825,0.05
4826,0.075
4827,0.125
4828,0.15
4829,0.175
4830,0.205
4831,0.215
4832,0.23
4833,0.25
4834,0.225
4835,0.215
4836,0.21
4837,0.145
4838,0.105
4839,0.05
4840,0.03
4841,0.02
4842,0.0
4843,-0.01
4844,0.0
4845,-0.005
4846,-0.02
4847,-0.01
4848,-0.005
4849,-0.005
4850,-0.02
4851,-0.01
4852,0.0
4853,-0.02
4854,-0.025
4855,-0.04
4856,-0.05
4857,-0.045
4858,-0.045
4859,-0.055
4860,-0.06
4861,-0.065
4862,-0.07
4863,-0.065
4864,-0.08
4865,-0.065
4866,-0.085
4867,-0.08
4868,-0.09
4869,-0.075
4870,-0.105
4871,-0.09
4872,-0.095
4873,-0.095
4874,-0.105
4875,-0.085
4876,-0.075
4877,-0.005
4878,0.03
4879,0.025
4880,0.12
4881,0.155
4882,0.1
4883,0.025
4884,-0.04
4885,-0.05
4886,-0.16
4887,-0.185
4888,-0.2
4889,-0.17
4890,-0.215
4891,-0.23
4892,0.16
4893,1.05
4894,1.665
4895,0.345
4896,-0.56
4897,-0.68
4898,-0.455
4899,-0.19
4900,-0.175
4901,-0.14
4902,-0.15
4903,-0.12
4904,-0.135
4905,-0.105
4906,-0.105
4907,-0.07
4908,-0.055
4909,-0.02
4910,-0.02
4911,0.005
4912,0.03
4913,0.07
4914,0.1
4915,0.145
4916,0.18
4917,0.215
4918,0.24
4919,0.26
4920,0.255
4921,0.27
4922,0.255
4923,0.235
4924,0.2
4925,0.155
4926,0.105
4927,0.065
4928,0.03
4929,0.01
4930,-0.005
4931,-0.015
4932,-0.02
4933,-0.005
4934,-0.01
4935,0.0
4936,0.0
4937,-0.005
4938,-0.005
4939,0.0
4940,-0.015
4941,-0.025
4942,-0.015
4943,-0.025
4944,-0.04
4945,-0.04
4946,-0.055
4947,-0.06
4948,-0.06
4949,-0.065
4950,-0.065
4951,-0.075
4952,-0.075
4953,-0.08
4954,-0.07
4955,-0.065
4956,-0.065
4957,-0.06
4958,-0.08
4959,-0.08
4960,-0.09
4961,-0.08
4962,-0.08
4963,-0.07
4964,-0.09
4965,-0.08
4966,-0.105
4967,-0.085
4968,-0.065
4969,-0.015
4970,0.035
4971,0.05
4972,0.115
4973,0.185
4974,0.105
4975,0.03
4976,-0.035
4977,-0.025
4978,-0.14
4979,-0.19
4980,-0.2
4981,-0.165
4982,-0.19
4983,-0.22
4984,0.14
4985,0.99
4986,1.6
4987,0.44
4988,-0.5
4989,-0.68
4990,-0.45
4991,-0.19
4992,-0.165
4993,-0.145
4994,-0.15
4995,-0.12
4996,-0.145
4997,-0.1
4998,-0.095
4999,-0.09
5000,-0.07
5001,-0.04
5002,-0.025
5003,0.02
5004,0.01
5005,0.055
5006,0.08
5007,0.135
5008,0.165
5009,0.195
5010,0.215
5011,0.24
5012,0.26
5013,0.26
5014,0.255
5015,0.235
5016,0.205
5017,0.165
5018,0.105
5019,0.07
5020,0.035
5021,0.005
5022,-0.015
5023,-0.02
5024,0.0
5025,-0.02
5026,-0.015
5027,-0.02
5028,-0.01
5029,0.0
5030,-0.035
5031,-0.02
5032,-0.01
5033,-0.02
5034,-0.04
5035,-0.035
5036,-0.04
5037,-0.075
5038,-0.055
5039,-0.055
5040,-0.075
5041,-0.055
5042,-0.07
5043,-0.08
5044,-0.08
5045,-0.09
5046,-0.095
5047,-0.075
5048,-0.085
5049,-0.095
5050,-0.085
5051,-0.085
5052,-0.085
5053,-0.09
5054,-0.085
5055,-0.085
5056,-0.09
5057,-0.095
5058,-0.07
5059,-0.04
5060,0.01
5061,0.01
5062,0.065
5063,0.19
5064,0.135
5065,0.07
5066,-0.01
5067,-0.03
5068,-0.12
5069,-0.18
5070,-0.2
5071,-0.19
5072,-0.185
5073,-0.235
5074,0.03
5075,0.68
5076,1.325
5077,0.94
5078,-0.215
5079,-0.755
5080,-0.61
5081,-0.33
5082,-0.165
5083,-0.155
5084,-0.16
5085,-0.14
5086,-0.125
5087,-0.105
5088,-0.105
5089,-0.09
5090,-0.07
5091,-0.06
5092,-0.03
5093,0.005
5094,0.035
5095,0.06
5096,0.075
5097,0.12
5098,0.15
5099,0.195
5100,0.21
5101,0.23
5102,0.245
5103,0.25
5104,0.245
5105,0.245
5106,0.2
5107,0.15
5108,0.11
5109,0.07
5110,0.03
5111,0.005
5112,-0.015
5113,-0.025
5114,-0.025
5115,-0.01
5116,-0.025
5117,-0.025
5118,-0.02
5119,-0.02
5120,-0.015
5121,-0.025
5122,-0.025
5123,-0.05
5124,-0.04
5125,-0.05
5126,-0.065
5127,-0.055
5128,-0.075
5129,-0.07
5130,-0.075
5131,-0.085
5132,-0.085
5133,-0.085
5134,-0.085
5135,-0.08
5136,-0.105
5137,-0.085
5138,-0.11
5139,-0.09
5140,-0.11
5141,-0.105
5142,-0.1
5143,-0.09
5144,-0.1
5145,-0.09
5146,-0.105
5147,-0.09
5148,-0.06
5149,0.005
5150,0.02
5151,0.05
5152,0.17
5153,0.145
5154,0.06
5155,0.01
5156,-0.045
5157,-0.095
5158,-0.2
5159,-0.18
5160,-0.215
5161,-0.18
5162,-0.235
5163,-0.075
5164,0.48
5165,1.26
5166,1.435
5167,-0.05
5168,-0.775
5169,-0.65
5170,-0.38
5171,-0.165
5172,-0.175
5173,-0.135
5174,-0.155
5175,-0.135
5176,-0.135
5177,-0.115
5178,-0.105
5179,-0.075
5180,-0.055
5181,-0.03
5182,-0.01
5183,0.015
5184,0.045
5185,0.075
5186,0.1
5187,0.155
5188,0.185
5189,0.225
5190,0.25
5191,0.255
5192,0.255
5193,0.27
5194,0.24
5195,0.215
5196,0.17
5197,0.12
5198,0.075
5199,0.045
5200,0.01
5201,-0.005
5202,-0.01
5203,-0.01
5204,-0.025
5205,-0.02
5206,-0.02
5207,-0.015
5208,-0.005
5209,-0.015
5210,-0.01
5211,-0.025
5212,-0.015
5213,-0.015
5214,-0.04
5215,-0.055
5216,-0.06
5217,-0.055
5218,-0.06
5219,-0.075
5220,-0.08
5221,-0.08
5222,-0.065
5223,-0.065
5224,-0.08
5225,-0.075
5226,-0.09
5227,-0.085
5228,-0.075
5229,-0.07
5230,-0.085
5231,-0.075
5232,-0.095
5233,-0.095
5234,-0.085
5235,-0.085
5236,-0.105
5237,-0.09
5238,-0.105
5239,-0.095
5240,-0.095
5241,-0.02
5242,0.025
5243,0.01
5244,0.065
5245,0.16
5246,0.11
5247,0.025
5248,-0.025
5249,-0.03
5250,-0.155
5251,-0.19
5252,-0.195
5253,-0.2
5254,-0.195
5255,-0.25
5256,0.07
5257,0.88
5258,1.5
5259,0.7
5260,-0.38
5261,-0.75
5262,-0.53
5263,-0.27
5264,-0.165
5265,-0.155
5266,-0.15
5267,-0.135
5268,-0.115
5269,-0.11
5270,-0.1
5271,-0.085
5272,-0.08
5273,-0.05
5274,-0.025
5275,0.015
5276,0.015
5277,0.045
5278,0.08
5279,0.135
5280,0.16
5281,0.2
5282,0.205
5283,0.24
5284,0.255
5285,0.26
5286,0.24
5287,0.23
5288,0.195
5289,0.165
5290,0.12
5291,0.07
5292,0.03
5293,0.015
5294,0.0
5295,-0.01
5296,-0.005
5297,-0.025
5298,-0.01
5299,-0.005
5300,0.01
5301,-0.01
5302,-0.015
5303,0.005
5304,-0.01
5305,-0.025
5306,-0.04
5307,-0.03
5308,-0.045
5309,-0.055
5310,-0.055
5311,-0.06
5312,-0.065
5313,-0.05
5314,-0.075
5315,-0.08
5316,-0.095
5317,-0.08
5318,-0.085
5319,-0.075
5320,-0.095
5321,-0.08
5322,-0.095
5323,-0.105
5324,-0.105
5325,-0.095
5326,-0.11
5327,-0.09
5328,-0.125
5329,-0.085
5330,-0.085
5331,-0.025
5332,0.025
5333,0.03
5334,0.115
5335,0.165
5336,0.085
5337,0.02
5338,-0.035
5339,-0.055
5340,-0.185
5341,-0.17
5342,-0.22
5343,-0.19
5344,-0.22
5345,-0.15
5346,0.28
5347,1.135
5348,1.645
5349,0.15
5350,-0.67
5351,-0.73
5352,-0.475
5353,-0.205
5354,-0.18
5355,-0.15
5356,-0.165
5357,-0.13
5358,-0.115
5359,-0.09
5360,-0.1
5361,-0.06
5362,-0.06
5363,-0.015
5364,-0.015
5365,0.035
5366,0.05
5367,0.09
5368,0.115
5369,0.155
5370,0.205
5371,0.235
5372,0.245
5373,0.275
5374,0.275
5375,0.275
5376,0.26
5377,0.255
5378,0.2
5379,0.17
5380,0.11
5381,0.075
5382,0.03
5383,0.02
5384,0.0
5385,-0.005
5386,0.0
5387,-0.01
5388,0.0
5389,0.0
5390,-0.005
5391,0.0
5392,-0.005
5393,0.0
5394,-0.02
5395,-0.04
5396,-0.025
5397,-0.03
5398,-0.055
5399,-0.05
5400,-0.05
5401,-0.055
5402,-0.06
5403,-0.055
5404,-0.085
5405,-0.075
5406,-0.08
5407,-0.065
5408,-0.09
5409,-0.095
5410,-0.095
5411,-0.085
5412,-0.1
5413,-0.085
5414,-0.1
5415,-0.085
5416,-0.115
5417,-0.1
5418,-0.115
5419,-0.1
5420,-0.085
5421,-0.005
5422,0.02
5423,0.025
5424,0.13
5425,0.15
5426,0.08
5427,0.025
5428,-0.04
5429,-0.065
5430,-0.19
5431,-0.19
5432,-0.215
5433,-0.185
5434,-0.235
5435,-0.17
5436,0.275
5437,1.185
5438,1.745
5439,0.165
5440,-0.7
5441,-0.675
5442,-0.445
5443,-0.18
5444,-0.17
5445,-0.165
5446,-0.17
5447,-0.135
5448,-0.14
5449,-0.105
5450,-0.095
5451,-0.08
5452,-0.08
5453,-0.035
5454,-0.025
5455,0.025
5456,0.025
5457,0.065
5458,0.115
5459,0.155
5460,0.17
5461,0.235
5462,0.245
5463,0.27
5464,0.27
5465,0.28
5466,0.275
5467,0.245
5468,0.2
5469,0.16
5470,0.105
5471,0.065
5472,0.045
5473,0.0
5474,-0.005
5475,-0.015
5476,-0.015
5477,0.0
5478,-0.015
5479,-0.015
5480,-0.015
5481,-0.02
5482,-0.015
5483,-0.01
5484,-0.015
5485,-0.03
5486,-0.025
5487,-0.03
5488,-0.045
5489,-0.055
5490,-0.055
5491,-0.065
5492,-0.07
5493,-0.07
5494,-0.075
5495,-0.075
5496,-0.065
5497,-0.085
5498,-0.07
5499,-0.085
5500,-0.08
5501,-0.105
5502,-0.1
5503,-0.095
5504,-0.075
5505,-0.1
5506,-0.095
5507,-0.095
5508,-0.085
5509,-0.105
5510,-0.095
5511,-0.065
5512,-0.015
5513,0.02
5514,0.025
5515,0.135
5516,0.145
5517,0.085
5518,0.025
5519,-0.04
5520,-0.06
5521,-0.19
5522,-0.19
5523,-0.21
5524,-0.165
5525,-0.215
5526,-0.165
5527,0.265
5528,1.17
5529,1.73
5530,0.155
5531,-0.695
5532,-0.67
5533,-0.425
5534,-0.175
5535,-0.175
5536,-0.155
5537,-0.14
5538,-0.125
5539,-0.135
5540,-0.1
5541,-0.105
5542,-0.075
5543,-0.06
5544,-0.015
5545,-0.015
5546,0.015
5547,0.055
5548,0.07
5549,0.1
5550,0.17
5551,0.205
5552,0.235
5553,0.245
5554,0.28
5555,0.28
5556,0.295
5557,0.27
5558,0.255
5559,0.21
5560,0.14
5561,0.09
5562,0.065
5563,0.03
5564,0.0
5565,-0.01
5566,-0.01
5567,0.0
5568,-0.015
5569,-0.005
5570,-0.025
5571,-0.02
5572,0.0
5573,-0.01
5574,0.0
5575,-0.025
5576,-0.05
5577,-0.035
5578,-0.035
5579,-0.045
5580,-0.055
5581,-0.06
5582,-0.07
5583,-0.06
5584,-0.075
5585,-0.065
5586,-0.075
5587,-0.08
5588,-0.075
5589,-0.07
5590,-0.08
5591,-0.08
5592,-0.085
5593,-0.085
5594,-0.1
5595,-0.075
5596,-0.09
5597,-0.08
5598,-0.11
5599,-0.08
5600,-0.085
5601,-0.1
5602,-0.085
5603,-0.02
5604,0.035
5605,0.06
5606,0.095
5607,0.18
5608,0.11
5609,0.05
5610,-0.01
5611,-0.05
5612,-0.17
5613,-0.16
5614,-0.19
5615,-0.18
5616,-0.2
5617,-0.225
5618,0.17
5619,1.015
5620,1.61
5621,0.395
5622,-0.505
5623,-0.735
5624,-0.52
5625,-0.245
5626,-0.18
5627,-0.155
5628,-0.17
5629,-0.125
5630,-0.145
5631,-0.105
5632,-0.105
5633,-0.08
5634,-0.075
5635,-0.045
5636,-0.035
5637,0.0
5638,0.02
5639,0.06
5640,0.07
5641,0.13
5642,0.16
5643,0.205
5644,0.24
5645,0.255
5646,0.235
5647,0.25
5648,0.255
5649,0.245
5650,0.215
5651,0.155
5652,0.115
5653,0.06
5654,0.035
5655,0.01
5656,-0.02
5657,0.0
5658,-0.025
5659,-0.01
5660,-0.005
5661,-0.015
5662,0.0
5663,-0.005
5664,0.0
5665,-0.02
5666,-0.03
5667,-0.03
5668,-0.035
5669,-0.045
5670,-0.06
5671,-0.06
5672,-0.06
5673,-0.06
5674,-0.08
5675,-0.07
5676,-0.08
5677,-0.085
5678,-0.065
5679,-0.1
5680,-0.115
5681,-0.09
5682,-0.095
5683,-0.095
5684,-0.09
5685,-0.105
5686,-0.09
5687,-0.095
5688,-0.1
5689,-0.11
5690,-0.09
5691,-0.03
5692,0.0
5693,0.035
5694,0.05
5695,0.185
5696,0.15
5697,0.045
5698,-0.02
5699,-0.025
5700,-0.115
5701,-0.195
5702,-0.19
5703,-0.195
5704,-0.19
5705,-0.255
5706,0.045
5707,0.795
5708,1.46
5709,0.92
5710,-0.26
5711,-0.775
5712,-0.605
5713,-0.31
5714,-0.17
5715,-0.16
5716,-0.155
5717,-0.14
5718,-0.135
5719,-0.11
5720,-0.12
5721,-0.08
5722,-0.075
5723,-0.045
5724,-0.025
5725,0.0
5726,0.025
5727,0.06
5728,0.09
5729,0.125
5730,0.165
5731,0.21
5732,0.23
5733,0.245
5734,0.275
5735,0.27
5736,0.255
5737,0.235
5738,0.21
5739,0.145
5740,0.11
5741,0.065
5742,0.02
5743,0.0
5744,-0.005
5745,-0.03
5746,-0.045
5747,-0.035
5748,-0.025
5749,-0.015
5750,-0.03
5751,-0.02
5752,-0.025
5753,-0.025
5754,-0.03
5755,-0.04
5756,-0.045
5757,-0.05
5758,-0.055
5759,-0.06
5760,-0.06
5761,-0.06
5762,-0.09
5763,-0.095
5764,-0.075
5765,-0.09
5766,-0.09
5767,-0.09
5768,-0.09
5769,-0.085
5770,-0.095
5771,-0.11
5772,-0.095
5773,-0.115
5774,-0.105
5775,-0.105
5776,-0.1
5777,-0.095
5778,-0.095
5779,-0.04
5780,0.01
5781,0.01
5782,0.065
5783,0.17
5784,0.11
5785,0.02
5786,-0.03
5787,-0.05
5788,-0.15
5789,-0.215
5790,-0.21
5791,-0.21
5792,-0.205
5793,-0.26
5794,0.015
5795,0.75
5796,1.475
5797,1.04
5798,-0.26
5799,-0.77
5800,-0.535
5801,-0.26
5802,-0.175
5803,-0.175
5804,-0.15
5805,-0.145
5806,-0.14
5807,-0.135
5808,-0.11
5809,-0.09
5810,-0.065
5811,-0.045
5812,-0.03
5813,0.0
5814,0.015
5815,0.05
5816,0.09
5817,0.12
5818,0.165
5819,0.2
5820,0.22
5821,0.25
5822,0.27
5823,0.265
5824,0.27
5825,0.255
5826,0.225
5827,0.18
5828,0.13
5829,0.075
5830,0.045
5831,0.02
5832,0.0
5833,0.0
5834,-0.005
5835,-0.02
5836,0.0
5837,0.0
5838,0.0
5839,-0.005
5840,0.0
5841,-0.015
5842,-0.01
5843,-0.01
5844,-0.03
5845,-0.035
5846,-0.045
5847,-0.045
5848,-0.045
5849,-0.055
5850,-0.065
5851,-0.07
5852,-0.085
5853,-0.075
5854,-0.08
5855,-0.08
5856,-0.085
5857,-0.095
5858,-0.08
5859,-0.085
5860,-0.09
5861,-0.11
5862,-0.07
5863,-0.09
5864,-0.095
5865,-0.1
5866,-0.095
5867,-0.105
5868,-0.07
5869,-0.09
5870,-0.085
5871,-0.065
5872,-0.03
5873,0.05
5874,0.025
5875,0.105
5876,0.175
5877,0.11
5878,0.025
5879,-0.04
5880,-0.035
5881,-0.16
5882,-0.175
5883,-0.185
5884,-0.17
5885,-0.195
5886,-0.23
5887,0.13
5888,0.995
5889,1.62
5890,0.47
5891,-0.485
5892,-0.715
5893,-0.495
5894,-0.21
5895,-0.175
5896,-0.15
5897,-0.145
5898,-0.125
5899,-0.125
5900,-0.115
5901,-0.11
5902,-0.08
5903,-0.07
5904,-0.025
5905,-0.03
5906,0.015
5907,0.015
5908,0.065
5909,0.09
5910,0.13
5911,0.175
5912,0.205
5913,0.225
5914,0.25
5915,0.26
5916,0.27
5917,0.275
5918,0.25
5919,0.215
5920,0.16
5921,0.105
5922,0.08
5923,0.035
5924,0.005
5925,0.0
5926,-0.01
5927,-0.005
5928,-0.01
5929,-0.01
5930,-0.015
5931,-0.005
5932,0.005
5933,-0.005
5934,-0.005
5935,0.0
5936,-0.015
5937,-0.03
5938,-0.025
5939,-0.04
5940,-0.025
5941,-0.06
5942,-0.05
5943,-0.06
5944,-0.05
5945,-0.065
5946,-0.07
5947,-0.08
5948,-0.075
5949,-0.095
5950,-0.075
5951,-0.08
5952,-0.075
5953,-0.1
5954,-0.075
5955,-0.085
5956,-0.085
5957,-0.115
5958,-0.08
5959,-0.09
5960,-0.11
5961,-0.05
5962,0.0
5963,0.01
5964,0.04
5965,0.135
5966,0.14
5967,0.075
5968,-0.005
5969,-0.03
5970,-0.075
5971,-0.175
5972,-0.185
5973,-0.215
5974,-0.18
5975,-0.235
5976,-0.135
5977,0.325
5978,1.18
5979,1.595
5980,0.05
5981,-0.73
5982,-0.705
5983,-0.45
5984,-0.185
5985,-0.21
5986,-0.155
5987,-0.145
5988,-0.125
5989,-0.155
5990,-0.105
5991,-0.105
5992,-0.08
5993,-0.07
5994,-0.01
5995,-0.03
5996,0.015
5997,0.04
5998,0.07
5999,0.09
